DateTime,Metric,Capacity,CR,TR,beta,beta_std
2017-09-02T17:21:00,6817.75,27599.97,20782.23,366.00,0.000000
2017-09-02T17:26:00,5362.06,27599.97,22237.91,366.00,-1455.684082
2017-09-02T17:31:00,5351.08,27599.97,22104.35,366.00,-733.331299
2017-09-02T17:36:00,8646.46,27599.97,0.00,0.12,547.515869
2017-09-02T17:41:00,5053.86,27599.97,19560.56,366.00,-24.337109
2017-09-02T17:46:00,5201.06,27599.97,20093.40,366.00,-163.218415
2017-09-02T17:51:00,4715.00,27599.97,20582.07,366.00,-247.409685
2017-09-02T17:56:00,4468.62,27599.97,21305.94,366.00,-282.403239
2017-09-02T18:28:00,6389.39,27599.97,20205.53,366.00,-28.498935
2017-09-02T18:33:00,5802.80,27599.97,20378.06,366.00,-19.848076
2017-09-02T18:38:00,5674.86,27599.97,20557.44,366.00,-16.030679
2017-09-02T18:43:00,5247.12,27599.97,20750.48,366.00,-20.574745
2017-09-02T18:48:00,4381.04,27599.97,21030.29,366.00,-37.177539
2017-09-02T18:53:00,6213.86,27599.97,20528.28,366.00,-22.559578
2017-09-02T18:58:00,4608.09,27599.97,20749.00,366.00,-32.299613
2017-09-02T19:03:00,4186.55,27599.97,21152.17,366.00,-44.229810
2017-09-02T19:08:00,6545.06,27599.97,20418.99,366.00,-27.190399
2017-09-02T19:13:00,4322.46,27599.97,20623.90,366.00,-36.024101
2017-09-02T19:18:00,5729.75,27599.97,20651.22,366.00,-29.577880
2017-09-02T19:23:00,4872.93,27599.97,20823.00,366.00,-31.579551
2017-09-02T19:28:00,4605.88,27599.97,20878.82,366.00,-35.036951
2017-09-02T19:33:00,8219.27,27599.97,19464.49,366.00,-10.845765
2017-09-02T19:38:00,4341.48,27599.97,19692.20,366.00,-17.994605
2017-09-02T19:43:00,5040.06,27599.97,19653.37,366.00,-19.182819
2017-09-02T19:48:00,5310.23,27599.97,20335.13,366.00,-18.405296
2017-09-02T19:53:00,4727.26,27599.97,20416.89,366.00,-20.972491
2017-09-02T19:58:00,5154.57,27599.97,20483.34,366.00,-20.703153
2017-09-02T20:03:00,7413.66,27599.97,19605.08,366.00,-8.983882
2017-09-02T20:08:00,5466.27,27599.97,19587.33,366.00,-8.392536
2017-09-02T20:13:00,5352.86,27599.97,19612.10,366.00,-8.367451
2017-09-02T20:18:00,5966.19,27599.97,19928.98,366.00,-5.693160
2017-09-02T20:23:00,4225.86,27599.97,20003.77,366.00,-10.442298
2017-09-02T20:28:00,4348.65,27599.97,20081.85,366.00,-13.984903
2017-09-02T20:33:00,5034.42,27599.97,20356.69,366.00,-14.461969
2017-09-02T20:38:00,4368.46,27599.97,20462.89,366.00,-17.142562
2017-09-02T20:43:00,4904.88,27599.97,20517.77,366.00,-17.618944
2017-09-02T20:48:00,5368.19,27599.97,20436.32,366.00,-16.506725
2017-09-02T20:53:00,4552.46,27599.97,20515.51,366.00,-17.961329
2017-09-02T20:58:00,4590.61,27599.97,20533.40,366.00,-19.067777
2017-09-02T21:03:00,8551.21,27599.97,19237.87,366.00,-8.991652
2017-09-02T21:08:00,5360.53,27599.97,19244.69,366.00,-8.610180
2017-09-02T21:13:00,6829.89,27599.97,19235.46,366.00,-4.504111
2017-09-02T21:18:00,5616.04,27599.97,19484.45,366.00,-3.842371
2017-09-02T21:23:00,4949.60,27599.97,19497.91,366.00,-4.815996
2017-09-02T21:28:00,5014.92,27599.97,19896.44,366.00,-5.520804
2017-09-02T21:33:00,4106.26,27599.97,20014.86,366.00,-8.113535
2017-09-02T21:38:00,5402.05,27599.97,19998.87,366.00,-7.690075
2017-09-02T21:43:00,5944.73,27599.97,19872.93,366.00,-6.200102
2017-09-02T21:48:00,4408.33,27599.97,19902.92,366.00,-7.847773
2017-09-02T21:53:00,6157.86,27599.97,19802.50,366.00,-6.021757
2017-09-02T21:58:00,4363.19,27599.97,19980.43,366.00,-7.627516
2017-09-02T22:03:00,5593.59,27599.97,19970.68,366.00,-6.902072
2017-09-02T22:08:00,5120.16,27599.97,20021.30,366.00,-7.038672
2017-09-02T22:13:00,6021.76,27599.97,19913.72,366.00,-5.672489
2017-09-02T22:18:00,5705.53,27599.97,19845.29,366.00,-4.929044
2017-09-02T22:23:00,4364.48,27599.97,19820.46,366.00,-6.307678
2017-09-02T22:28:00,6085.61,27599.97,19894.53,366.00,-4.988518
2017-09-02T22:33:00,5062.39,27599.97,19942.41,366.00,-5.257832
2017-09-02T22:38:00,5349.79,27599.97,19983.00,366.00,-5.093717
2017-09-02T22:43:00,4702.48,27599.97,20116.68,366.00,-5.815470
2017-09-02T22:48:00,5336.00,27599.97,20137.74,366.00,-5.632532
2017-09-02T22:53:00,6056.91,27599.97,19990.58,366.00,-4.536183
2017-09-02T22:58:00,5234.61,27599.97,20007.03,366.00,-4.548295
2017-09-02T23:03:00,4585.09,27599.97,19971.24,366.00,-5.338035
2017-09-02T23:08:00,6157.86,27599.97,19979.37,366.00,-4.210652
2017-09-02T23:13:00,5815.93,27599.97,19888.25,366.00,-3.560171
2017-09-02T23:18:00,4787.06,27599.97,19891.18,366.00,-4.100516
2017-09-02T23:23:00,5715.03,27599.97,20054.09,366.00,-3.590571
2017-09-02T23:28:00,5788.33,27599.97,19994.09,366.00,-3.039418
2017-09-02T23:33:00,6349.53,27599.97,19893.43,366.00,-1.952138
2017-09-02T23:38:00,5685.96,27599.97,19862.27,366.00,-1.608361
2017-09-02T23:43:00,4315.72,27599.97,19807.48,366.00,-2.623015
2017-09-02T23:48:00,6847.00,27599.97,19725.24,366.00,-1.156923
2017-09-02T23:53:00,4612.26,27599.97,19835.95,366.00,-1.866206
2017-09-02T23:58:00,4471.75,27599.97,19751.78,366.00,-2.649477
2017-09-03T00:03:00,5224.06,27599.97,20114.59,366.00,-2.711260
2017-09-03T00:08:00,5046.38,27599.97,20141.56,366.00,-2.919260
2017-09-03T00:13:00,4902.06,27599.97,20162.97,366.00,-3.231575
2017-09-03T00:18:00,5156.60,27599.97,20196.93,366.00,-3.310785
2017-09-03T00:23:00,4524.74,27599.97,20218.34,366.00,-3.888641
2017-09-03T00:28:00,5107.53,27599.97,20258.25,366.00,-3.967772
2017-09-03T00:33:00,4644.46,27599.97,20299.36,366.00,-4.393339
2017-09-03T00:38:00,4873.97,27599.97,20331.48,366.00,-4.615646
2017-09-03T00:43:00,5021.54,27599.97,20356.96,366.00,-4.711969
2017-09-03T00:48:00,5436.83,27599.97,20305.99,366.00,-4.501075
2017-09-03T00:53:00,5064.60,27599.97,20323.55,366.00,-4.561515
2017-09-03T00:58:00,5188.24,27599.97,20345.64,366.00,-4.530143
2017-09-03T01:03:00,4156.86,27599.97,20328.67,366.00,-5.190665
2017-09-03T01:08:00,5670.87,27599.97,20293.85,366.00,-4.810863
2017-09-03T01:13:00,6423.13,27599.97,20121.97,366.00,-3.966511
2017-09-03T01:18:00,5188.79,27599.97,20125.11,366.00,-3.949903
2017-09-03T01:23:00,7003.40,27599.97,19885.34,366.00,-2.809643
2017-09-03T01:28:00,4560.99,27599.97,20017.55,366.00,-3.215656
2017-09-03T01:33:00,5668.73,27599.97,20047.02,366.00,-2.937816
2017-09-03T01:38:00,4365.40,27599.97,20263.50,366.00,-3.433523
2017-09-03T01:43:00,4999.83,27599.97,20310.89,366.00,-3.536350
2017-09-03T01:48:00,4422.13,27599.97,20352.83,366.00,-3.954902
2017-09-03T01:53:00,4726.40,27599.97,20388.49,366.00,-4.180410
2017-09-03T01:58:00,7551.66,27599.97,19899.42,366.00,-2.867972
2017-09-03T02:03:00,6317.82,27599.97,19752.37,366.00,-2.279628
2017-09-03T02:08:00,6062.79,27599.97,19772.25,366.00,-1.854892
2017-09-03T02:13:00,5840.46,27599.97,19914.95,366.00,-1.565694
2017-09-03T02:18:00,5848.80,27599.97,19962.51,366.00,-1.287168
2017-09-03T02:23:00,5378.87,27599.97,19974.23,366.00,-1.253855
2017-09-03T02:28:00,5202.60,27599.97,20031.19,366.00,-1.306778
2017-09-03T02:33:00,4745.66,27599.97,20117.44,366.00,-1.572921
2017-09-03T02:38:00,4546.64,27599.97,20179.93,366.00,-1.917148
2017-09-03T02:43:00,5101.40,27599.97,20197.02,366.00,-1.988801
2017-09-03T02:48:00,4523.82,27599.97,20228.97,366.00,-2.315664
2017-09-03T02:53:00,6458.39,27599.97,20025.02,366.00,-1.769636
2017-09-03T02:58:00,5397.08,27599.97,19999.04,366.00,-1.711605
2017-09-03T03:03:00,4984.86,27599.97,19995.96,366.00,-1.831882
2017-09-03T03:08:00,4679.12,27599.97,20195.79,366.00,-2.073890
2017-09-03T03:13:00,5619.72,27599.97,20174.30,366.00,-1.914461
2017-09-03T03:18:00,5449.46,27599.97,20146.93,366.00,-1.831232
2017-09-03T03:23:00,5102.93,27599.97,20156.13,366.00,-1.889855
2017-09-03T03:28:00,4568.16,27599.97,20204.80,366.00,-2.155293
2017-09-03T03:33:00,7393.73,27599.97,19896.01,366.00,-1.313492
2017-09-03T03:38:00,4462.00,27599.97,19979.18,366.00,-1.627806
2017-09-03T03:43:00,6759.23,27599.97,19922.03,366.00,-1.065421
2017-09-03T03:48:00,5860.03,27599.97,19833.82,366.00,-0.860689
2017-09-03T03:53:00,5260.56,27599.97,19841.95,366.00,-0.882924
2017-09-03T03:58:00,5872.54,27599.97,20018.63,366.00,-0.684868
2017-09-03T04:03:00,5696.33,27599.97,19977.96,366.00,-0.557655
2017-09-03T04:08:00,5757.66,27599.97,19999.68,366.00,-0.414705
2017-09-03T04:13:00,4291.98,27599.97,19919.86,366.00,-0.778929
2017-09-03T04:18:00,4823.86,27599.97,20129.09,366.00,-0.947641
2017-09-03T04:23:00,5609.79,27599.97,20114.11,366.00,-0.847924
2017-09-03T04:28:00,4661.33,27599.97,20139.09,366.00,-1.062251
2017-09-03T04:33:00,5642.66,27599.97,20106.43,366.00,-0.950903
2017-09-03T04:38:00,4613.43,27599.97,20161.55,366.00,-1.170696
2017-09-03T04:43:00,6373.75,27599.97,20018.57,366.00,-0.830086
2017-09-03T04:48:00,5454.06,27599.97,19991.45,366.00,-0.787277
2017-09-03T04:53:00,5823.78,27599.97,20040.00,366.00,-0.633661
2017-09-03T04:58:00,5201.06,27599.97,20062.18,366.00,-0.672909
2017-09-03T05:03:00,5227.99,27599.97,20110.05,366.00,-0.702368
2017-09-03T05:08:00,5685.59,27599.97,20116.28,366.00,-0.597068
2017-09-03T05:13:00,6439.99,27599.97,19931.28,366.00,-0.279142
2017-09-03T05:18:00,4793.56,27599.97,19907.91,366.00,-0.440743
2017-09-03T05:23:00,4792.28,27599.97,20036.98,366.00,-0.596030
2017-09-03T05:28:00,5101.40,27599.97,20161.23,366.00,-0.659649
2017-09-03T05:33:00,5428.73,27599.97,20161.93,366.00,-0.631482
2017-09-03T05:38:00,5809.79,27599.97,20092.33,366.00,-0.501965
2017-09-03T05:43:00,4600.36,27599.97,20051.13,366.00,-0.697806
2017-09-03T05:48:00,6121.06,27599.97,20079.33,366.00,-0.488252
2017-09-03T05:53:00,5081.52,27599.97,20120.47,366.00,-0.554935
2017-09-03T05:58:00,4590.06,27599.97,20060.03,366.00,-0.744045
2017-09-03T06:03:00,6265.38,27599.97,20074.62,366.00,-0.504585
2017-09-03T06:08:00,5332.93,27599.97,20062.21,366.00,-0.505527
2017-09-03T06:13:00,5910.99,27599.97,20092.67,366.00,-0.364696
2017-09-03T06:18:00,5139.12,27599.97,20102.81,366.00,-0.415790
2017-09-03T06:23:00,5280.79,27599.97,20144.08,366.00,-0.431032
2017-09-03T06:28:00,5405.18,27599.97,20184.07,366.00,-0.416267
2017-09-03T06:33:00,5290.00,27599.97,20191.82,366.00,-0.428782
2017-09-03T06:38:00,5890.75,27599.97,20134.01,366.00,-0.302536
2017-09-03T06:43:00,5314.65,27599.97,20146.97,366.00,-0.311742
2017-09-03T06:48:00,5581.33,27599.97,20165.35,366.00,-0.260688
2017-09-03T06:53:00,8306.86,27599.97,16641.33,177.06,0.392908
2017-09-03T06:58:00,5918.66,27599.97,15708.17,139.13,0.499784
2017-09-03T07:03:00,4926.23,27599.97,16688.09,179.36,0.387939
2017-09-03T07:08:00,6761.99,27599.97,14191.00,103.26,0.672574
2017-09-03T07:13:00,4939.84,27599.97,15162.41,123.68,0.561952
2017-09-03T07:18:00,5393.03,27599.97,15274.84,126.48,0.549739
2017-09-03T07:23:00,4886.73,27599.97,16294.98,160.57,0.433337
2017-09-03T07:28:00,7098.35,27599.97,13308.67,89.85,0.772050
2017-09-03T07:33:00,4595.40,27599.97,14864.71,116.85,0.594234
2017-09-03T07:38:00,5462.77,27599.97,14860.78,116.68,0.595283
2017-09-03T07:43:00,5719.33,27599.97,14415.48,107.39,0.646731
2017-09-03T07:48:00,7488.98,27599.97,10926.58,66.44,1.041047
2017-09-03T07:53:00,6544.26,27599.97,9178.64,55.70,1.239915
2017-09-03T07:58:00,4948.12,27599.97,10160.49,61.28,1.127914
2017-09-03T08:03:00,6525.19,27599.97,8507.93,52.44,1.316413
2017-09-03T08:08:00,5175.00,27599.97,9119.49,55.39,1.246986
2017-09-03T08:13:00,5644.93,27599.97,8956.22,54.56,1.266163
2017-09-03T08:18:00,4987.93,27599.97,9845.30,59.35,1.164815
2017-09-03T08:23:00,5745.95,27599.97,9514.17,57.45,1.203118
2017-09-03T08:28:00,4748.12,27599.97,10748.42,65.14,1.062160
2017-09-03T08:33:00,5973.37,27599.97,10056.11,60.59,1.141530
2017-09-03T08:38:00,7554.73,27599.97,6935.06,46.12,1.493892
2017-09-03T08:43:00,5897.01,27599.97,6456.26,44.47,1.548790
2017-09-03T08:48:00,7066.70,27599.97,4231.14,38.15,1.801309
2017-09-03T08:53:00,5799.06,27599.97,3970.38,37.52,1.831494
2017-09-03T08:58:00,8194.80,27599.97,160.02,30.24,2.260716
2017-09-03T09:03:00,7559.63,27599.97,0.00,26.51,2.571137
2017-09-03T09:08:00,7771.42,27599.97,0.00,23.37,2.906137
2017-09-03T09:13:00,6062.79,27599.97,0.00,22.99,2.953652
2017-09-03T09:18:00,5496.99,27599.97,0.00,23.35,2.908563
2017-09-03T09:23:00,6492.13,27599.97,0.00,22.45,3.022225
2017-09-03T09:28:00,6323.34,27599.97,0.00,21.84,3.105454
2017-09-03T09:33:00,7304.79,27599.97,0.00,20.27,3.338188
2017-09-03T09:38:00,7359.99,27599.97,0.00,18.90,3.571884
2017-09-03T09:43:00,6466.12,27599.97,0.00,18.43,3.661909
2017-09-03T09:48:00,6467.59,27599.97,0.00,17.99,3.748917
2017-09-03T09:53:00,6429.69,27599.97,0.00,17.61,3.827124
2017-09-03T09:58:00,7945.73,27599.97,0.00,16.28,4.126487
2017-09-03T10:03:00,6591.79,27599.97,0.00,15.91,4.218335
2017-09-03T10:08:00,6111.74,27599.97,0.00,15.84,4.237331
2017-09-03T10:13:00,6455.63,27599.97,0.00,15.59,4.304504
2017-09-03T10:18:00,9006.79,27599.97,0.00,14.09,4.731586
2017-09-03T10:23:00,6292.79,27599.97,0.00,13.99,4.763806
2017-09-03T10:28:00,6463.55,27599.97,0.00,13.83,4.818232
2017-09-03T10:33:00,7346.19,27599.97,0.00,13.32,4.992260
2017-09-03T10:38:00,7529.09,27599.97,0.00,12.80,5.185661
2017-09-03T10:43:00,5895.66,27599.97,0.00,12.89,5.151705
2017-09-03T10:48:00,7149.87,27599.97,0.00,12.55,5.286242
2017-09-03T10:53:00,7904.33,27599.97,0.00,11.99,5.516553
2017-09-03T10:58:00,6271.63,27599.97,0.00,11.97,5.524798
2017-09-03T11:03:00,6634.11,27599.97,0.00,11.85,5.579364
2017-09-03T11:08:00,7573.13,27599.97,0.00,11.47,5.753019
2017-09-03T11:13:00,10098.46,27599.97,0.00,10.47,6.244422
2017-09-03T11:18:00,7505.66,27599.97,0.00,10.22,6.392715
2017-09-03T11:23:00,6149.83,27599.97,0.00,10.26,6.365766
2017-09-03T11:28:00,6792.66,27599.97,0.00,10.16,6.418810
2017-09-03T11:33:00,5782.19,27599.97,0.00,10.28,6.344931
2017-09-03T11:38:00,5016.94,27599.97,0.00,10.57,6.178677
2017-09-03T11:43:00,6788.67,27599.97,0.00,10.48,6.230857
2017-09-03T11:48:00,10887.84,27599.97,0.00,9.52,6.773269
2017-09-03T11:53:00,5341.88,27599.97,0.00,9.72,6.640243
2017-09-03T11:58:00,6277.46,27599.97,0.00,9.75,6.620341
2017-09-03T12:03:00,5003.69,27599.97,0.00,10.01,6.451217
2017-09-03T12:08:00,7089.33,27599.97,0.00,9.88,6.527560
2017-09-03T12:13:00,5970.79,27599.97,0.00,9.97,6.472624
2017-09-03T12:18:00,6141.18,27599.97,0.00,10.02,6.437787
2017-09-03T12:23:00,5799.06,27599.97,0.00,10.15,6.364489
2017-09-03T12:28:00,4641.40,27599.97,0.00,10.49,6.162756
2017-09-03T12:33:00,4797.06,27599.97,0.00,10.81,5.982791
2017-09-03T12:38:00,5218.79,27599.97,0.00,11.06,5.853171
2017-09-03T12:43:00,5515.39,27599.97,0.00,11.24,5.758571
2017-09-03T12:48:00,5149.05,27599.97,0.00,11.52,5.626110
2017-09-03T12:53:00,5492.39,27599.97,0.00,11.72,5.533216
2017-09-03T12:58:00,4515.17,27599.97,0.00,12.16,5.338117
2017-09-03T13:03:00,4063.64,27599.97,0.00,12.73,5.099703
2017-09-03T13:08:00,4253.71,27599.97,0.00,13.30,4.886573
2017-09-03T13:13:00,4087.00,27599.97,0.00,13.96,4.660927
2017-09-03T13:18:00,4678.20,27599.97,0.00,14.47,4.501194
2017-09-03T13:23:00,4191.33,27599.97,0.00,15.18,4.295254
2017-09-03T13:28:00,5457.13,27599.97,0.00,15.45,4.222013
2017-09-03T13:33:00,4276.46,27599.97,0.00,16.19,4.031634
2017-09-03T13:38:00,5150.46,27599.97,0.00,16.61,3.932486
2017-09-03T13:43:00,5007.19,27599.97,0.00,17.11,3.821201
2017-09-03T13:48:00,4945.92,27599.97,0.00,17.66,3.706222
2017-09-03T13:53:00,5904.86,27599.97,0.00,17.75,3.686816
2017-09-03T13:58:00,4314.80,27599.97,0.00,18.64,3.514259
2017-09-03T14:03:00,4909.48,27599.97,0.00,19.27,3.402337
2017-09-03T14:08:00,7700.58,27599.97,0.00,18.39,3.557506
2017-09-03T14:13:00,8684.79,27599.97,0.00,17.14,3.801298
2017-09-03T14:18:00,9135.59,27599.97,0.00,15.89,4.081089
2017-09-03T14:23:00,9291.81,27599.97,0.00,14.78,4.368416
2017-09-03T14:28:00,9216.86,27599.97,0.00,13.86,4.641744
2017-09-03T14:33:00,9560.32,27599.97,0.00,12.97,4.939616
2017-09-03T14:38:00,9032.74,27599.97,0.00,12.32,5.182400
2017-09-03T14:43:00,10317.61,27599.97,0.00,11.47,5.534485
2017-09-03T14:48:00,11551.14,27599.97,0.00,10.51,5.987892
2017-09-03T14:53:00,8698.59,27599.97,0.00,10.16,6.178171
2017-09-03T14:58:00,5212.90,27599.97,0.00,10.34,6.057724
2017-09-03T15:03:00,7164.03,27599.97,0.00,10.25,6.109383
2017-09-03T15:08:00,12193.67,27599.97,0.00,9.38,6.593982
2017-09-03T15:13:00,9465.26,27599.97,0.00,9.02,6.833088
2017-09-03T15:18:00,9542.97,27599.97,0.00,8.69,7.072853
2017-09-03T15:23:00,9824.12,27599.97,0.00,8.35,7.330406
2017-09-03T15:28:00,9888.46,27599.97,0.00,8.03,7.586994
2017-09-03T15:33:00,9324.19,27599.97,0.00,7.80,7.790286
2017-09-03T15:38:00,9047.64,27599.97,0.00,7.61,7.965588
2017-09-03T15:43:00,9749.60,27599.97,0.00,7.37,8.193932
2017-09-03T15:48:00,9952.86,27599.97,0.00,7.14,8.433134
2017-09-03T15:53:00,9407.73,27599.97,0.00,6.96,8.622370
2017-09-03T15:58:00,6113.39,27599.97,0.00,7.02,8.542542
2017-09-03T16:03:00,4760.26,27599.97,0.00,7.18,8.356021
2017-09-03T16:08:00,4647.53,27599.97,0.00,7.35,8.163968
2017-09-03T16:13:00,5921.30,27599.97,0.00,7.44,8.075385
2017-09-03T16:18:00,5129.00,27599.97,0.00,7.58,7.926345
2017-09-03T16:23:00,5189.53,27599.97,0.00,7.73,7.784568
2017-09-03T16:28:00,4791.66,27599.97,0.00,7.91,7.614662
2017-09-03T16:33:00,4929.66,27599.97,0.00,8.09,7.458314
2017-09-03T16:38:00,5352.92,27599.97,0.00,8.23,7.336764
2017-09-03T16:43:00,7528.35,27599.97,0.00,8.17,7.380785
2017-09-03T16:48:00,7780.13,27599.97,0.00,8.09,7.442123
2017-09-03T16:53:00,4882.13,27599.97,0.00,8.27,7.286797
2017-09-03T16:58:00,4961.00,27599.97,0.00,8.45,7.139989
2017-09-03T17:03:00,4359.26,27599.97,0.00,8.69,6.951730
2017-09-03T17:08:00,5487.06,27599.97,0.00,8.82,6.848742
2017-09-03T17:13:00,6084.26,27599.97,0.00,8.90,6.790443
2017-09-03T17:18:00,5231.48,27599.97,0.00,9.07,6.671808
2017-09-03T17:23:00,7315.10,27599.97,0.00,9.02,6.703278
2017-09-03T17:28:00,5119.79,27599.97,0.00,9.20,6.578617
2017-09-03T17:33:00,5167.08,27599.97,0.00,9.38,6.459355
2017-09-03T17:38:00,6260.59,27599.97,0.00,9.44,6.418235
2017-09-03T17:43:00,5624.87,27599.97,0.00,9.57,6.333524
2017-09-03T17:48:00,5812.92,27599.97,0.00,9.68,6.263011
2017-09-03T17:53:00,6717.53,27599.97,0.00,9.70,6.255230
2017-09-03T17:58:00,5377.40,27599.97,0.00,9.86,6.156330
2017-09-03T18:03:00,5936.39,27599.97,0.00,9.96,6.096636
2017-09-03T18:08:00,4658.26,27599.97,0.00,10.22,5.952230
2017-09-03T18:13:00,4362.64,27599.97,0.00,10.51,5.790655
2017-09-03T18:18:00,6030.59,27599.97,0.00,10.60,5.741991
2017-09-03T18:23:00,5207.19,27599.97,0.00,10.81,5.639921
2017-09-03T18:28:00,5596.66,27599.97,0.00,10.96,5.564861
2017-09-03T18:33:00,5976.13,27599.97,0.00,11.06,5.515468
2017-09-03T18:38:00,4262.66,27599.97,0.00,11.40,5.356530
2017-09-03T18:43:00,7008.74,27599.97,0.00,11.35,5.375736
2017-09-03T18:48:00,4673.60,27599.97,0.00,11.64,5.246053
2017-09-03T18:53:00,5203.33,27599.97,0.00,11.86,5.151945
2017-09-03T18:58:00,5403.34,27599.97,0.00,12.06,5.071858
2017-09-03T19:03:00,4703.40,27599.97,0.00,12.38,4.949436
2017-09-03T19:08:00,5447.93,27599.97,0.00,12.57,4.875092
2017-09-03T19:13:00,6163.99,27599.97,0.00,12.65,4.845865
2017-09-03T19:18:00,4342.58,27599.97,0.00,13.04,4.705703
2017-09-03T19:23:00,4954.20,27599.97,0.00,13.34,4.605018
2017-09-03T19:28:00,4547.56,27599.97,0.00,13.72,4.481451
2017-09-03T19:33:00,6573.39,27599.97,0.00,13.72,4.481287
2017-09-03T19:38:00,5419.16,27599.97,0.00,13.94,4.412160
2017-09-03T19:43:00,4463.53,27599.97,0.00,14.36,4.287546
2017-09-03T19:48:00,7054.74,27599.97,0.00,14.25,4.317313
2017-09-03T19:53:00,4317.86,27599.97,0.00,14.71,4.186409
2017-09-03T19:58:00,5661.67,27599.97,0.00,14.90,4.135699
2017-09-03T20:03:00,4838.46,27599.97,0.00,15.27,4.038200
2017-09-03T20:08:00,4393.00,27599.97,0.00,15.76,3.916729
2017-09-03T20:13:00,4749.40,27599.97,0.00,16.19,3.817579
2017-09-03T20:18:00,5033.87,27599.97,0.00,16.56,3.736142
2017-09-03T20:23:00,4222.43,27599.97,0.00,17.15,3.610312
2017-09-03T20:28:00,4197.96,27599.97,0.00,17.79,3.485207
2017-09-03T20:33:00,5352.92,27599.97,0.00,18.10,3.426399
2017-09-03T20:38:00,5696.33,27599.97,0.00,18.32,3.387446
2017-09-03T20:43:00,4882.13,27599.97,0.00,18.79,3.304287
2017-09-03T20:48:00,4563.20,27599.97,0.00,19.40,3.205032
2017-09-03T20:53:00,4563.93,27599.97,0.00,20.02,3.107427
2017-09-03T20:58:00,4583.44,27599.97,0.00,20.68,3.012453
2017-09-03T21:03:00,5196.46,27599.97,0.00,21.11,2.951888
2017-09-03T21:08:00,5036.26,27599.97,0.00,21.63,2.883704
2017-09-03T21:13:00,7492.84,27599.97,0.00,21.14,2.946747
2017-09-03T21:18:00,4877.53,27599.97,0.00,21.71,2.870759
2017-09-03T21:23:00,5675.29,27599.97,0.00,21.98,2.837735
2017-09-03T21:28:00,4892.92,27599.97,0.00,22.58,2.764417
2017-09-03T21:33:00,6765.06,27599.97,0.00,22.36,2.789128
2017-09-03T21:38:00,4394.84,27599.97,0.00,23.20,2.691318
2017-09-03T21:43:00,4373.68,27599.97,0.00,24.09,2.593995
2017-09-03T21:48:00,5377.21,27599.97,0.00,24.53,2.549263
2017-09-03T21:53:00,5633.46,27599.97,0.00,24.84,2.518133
2017-09-03T21:58:00,4252.24,27599.97,0.00,25.90,2.417989
2017-09-03T22:03:00,5191.00,27599.97,0.00,26.48,2.366364
2017-09-03T22:08:00,4757.32,27599.97,0.00,27.34,2.293961
2017-09-03T22:13:00,6269.43,27599.97,0.00,27.30,2.297388
2017-09-03T22:18:00,5950.86,27599.97,0.00,27.45,2.284995
2017-09-03T22:23:00,4451.14,27599.97,0.00,28.55,2.199455
2017-09-03T22:28:00,5065.15,27599.97,0.00,29.29,2.145080
2017-09-03T22:33:00,5863.46,27599.97,0.00,29.50,2.130072
2017-09-03T22:38:00,4515.91,27599.97,399.87,30.68,2.050513
2017-09-03T22:43:00,5037.00,27599.97,874.63,31.52,1.997075
2017-09-03T22:48:00,6097.94,27599.97,895.22,31.56,1.994811
2017-09-03T22:53:00,5500.06,27599.97,1168.03,32.06,1.964264
2017-09-03T22:58:00,4662.56,27599.97,1783.09,33.27,1.894818
2017-09-03T23:03:00,7617.04,27599.97,1156.41,32.04,1.964369
2017-09-03T23:08:00,4994.06,27599.97,1629.75,32.96,1.910902
2017-09-03T23:13:00,5892.59,27599.97,1731.39,33.16,1.899715
2017-09-03T23:18:00,4452.80,27599.97,2412.90,34.59,1.822521
2017-09-03T23:23:00,4892.00,27599.97,2910.17,35.72,1.766570
2017-09-03T23:28:00,4604.78,27599.97,3515.21,37.18,1.698417
2017-09-03T23:33:00,5642.17,27599.97,3695.02,37.64,1.678152
2017-09-03T23:38:00,5175.00,27599.97,4060.46,38.61,1.637161
2017-09-03T23:43:00,6341.86,27599.97,3956.45,38.33,1.648888
2017-09-03T23:48:00,4173.12,27599.97,4704.99,40.44,1.564002
2017-09-03T23:53:00,4799.27,27599.97,5202.40,41.98,1.508090
2017-09-03T23:58:00,4787.31,27599.97,5697.44,43.62,1.452491
2017-09-04T00:03:00,5539.93,27599.97,5892.01,44.30,1.430621
2017-09-04T00:08:00,5455.59,27599.97,6118.31,45.11,1.405375
2017-09-04T00:13:00,6287.46,27599.97,6021.15,44.76,1.416444
2017-09-04T00:18:00,4418.94,27599.97,6635.97,47.10,1.346909
2017-09-04T00:23:00,5592.06,27599.97,6801.00,47.77,1.328614
2017-09-04T00:28:00,5504.91,27599.97,6997.20,48.59,1.306844
2017-09-04T00:33:00,6196.19,27599.97,6929.40,48.30,1.314626
2017-09-04T00:38:00,4459.97,27599.97,7509.09,50.87,1.249127
2017-09-04T00:43:00,5330.84,27599.97,7760.84,52.07,1.221084
2017-09-04T00:48:00,4584.66,27599.97,8283.41,54.74,1.162345
2017-09-04T00:53:00,4940.40,27599.97,8667.99,56.89,1.119222
2017-09-04T00:58:00,4396.31,27599.97,9245.04,60.44,1.054299
2017-09-04T01:03:00,4276.46,27599.97,9856.66,64.73,0.985433
2017-09-04T01:08:00,4037.26,27599.97,10545.09,70.33,0.907840
2017-09-04T01:13:00,4706.53,27599.97,10983.13,74.42,0.858579
2017-09-04T01:18:00,5603.71,27599.97,11092.36,75.51,0.846270
2017-09-04T01:23:00,5170.40,27599.97,11357.32,78.28,0.816713
2017-09-04T01:28:00,4840.85,27599.97,11735.38,82.61,0.774411
2017-09-04T01:33:00,4282.60,27599.97,12303.35,90.12,0.710537
2017-09-04T01:38:00,4551.05,27599.97,12769.89,97.36,0.658232
2017-09-04T01:43:00,4343.93,27599.97,13301.28,107.16,0.598552
2017-09-04T01:48:00,4433.84,27599.97,13793.54,118.16,0.543279
2017-09-04T01:53:00,4406.24,27599.97,14288.28,131.72,0.487753
2017-09-04T01:58:00,5733.62,27599.97,14317.13,132.61,0.484485
2017-09-04T02:03:00,5717.79,27599.97,14353.85,133.69,0.480638
2017-09-04T02:08:00,6699.43,27599.97,14053.01,124.84,0.514485
2017-09-04T02:13:00,7310.93,27599.97,13548.29,112.36,0.571139
2017-09-04T02:18:00,4540.93,27599.97,13982.09,123.05,0.521735
2017-09-04T02:23:00,4589.26,27599.97,14399.24,135.28,0.474877
2017-09-04T02:28:00,4753.82,27599.97,14757.89,147.83,0.434890
2017-09-04T02:33:00,5562.93,27599.97,14840.93,151.03,0.425748
2017-09-04T02:38:00,4784.18,27599.97,15181.48,165.95,0.387742
2017-09-04T02:43:00,4437.46,27599.97,15630.46,190.83,0.337445
2017-09-04T02:48:00,6240.17,27599.97,15480.16,181.70,0.354314
2017-09-04T02:53:00,5179.96,27599.97,15681.61,193.98,0.332043
2017-09-04T02:58:00,5828.19,27599.97,15669.67,193.02,0.333742
2017-09-04T03:03:00,5473.99,27599.97,15772.98,199.80,0.322543
2017-09-04T03:08:00,4287.56,27599.97,16252.56,240.08,0.268628
2017-09-04T03:13:00,4294.86,27599.97,16724.61,299.15,0.215755
2017-09-04T03:18:00,4573.32,27599.97,17102.14,366.00,0.173609
2017-09-04T03:23:00,4855.39,27599.97,17384.61,366.00,0.142114
2017-09-04T03:28:00,4713.71,27599.97,17708.08,366.00,0.106051
2017-09-04T03:33:00,6033.66,27599.97,17610.74,366.00,0.117051
2017-09-04T03:38:00,7295.59,27599.97,17115.63,366.00,0.172171
2017-09-04T03:43:00,4689.05,27599.97,17441.37,366.00,0.135464
2017-09-04T03:48:00,4538.66,27599.97,17810.97,366.00,0.094053
2017-09-04T03:53:00,5946.14,27599.97,17743.82,366.00,0.101915
2017-09-04T03:58:00,4994.31,27599.97,17969.88,366.00,0.076896
2017-09-04T04:03:00,4138.46,27599.97,18450.86,366.00,0.022913
2017-09-04T04:08:00,4520.26,27599.97,18663.38,366.00,-0.017284
2017-09-04T04:13:00,5267.73,27599.97,18670.32,366.00,-0.031545
2017-09-04T04:18:00,4491.07,27599.97,18685.30,366.00,-0.071833
2017-09-04T04:23:00,7852.56,27599.97,18277.60,366.00,0.001440
2017-09-04T04:28:00,5266.26,27599.97,18606.68,366.00,-0.012844
2017-09-04T04:33:00,6736.60,27599.97,18384.85,366.00,0.022032
2017-09-04T04:38:00,5748.46,27599.97,18442.34,366.00,0.023669
2017-09-04T04:43:00,6061.26,27599.97,18339.54,366.00,0.035600
2017-09-04T04:48:00,5610.89,27599.97,18369.82,366.00,0.032578
2017-09-04T04:53:00,4472.30,27599.97,18663.11,366.00,-0.007610
2017-09-04T04:58:00,4595.40,27599.97,18677.32,366.00,-0.043235
2017-09-04T05:03:00,4636.98,27599.97,18691.03,366.00,-0.077017
2017-09-04T05:08:00,4470.64,27599.97,18705.61,366.00,-0.115688
2017-09-04T05:13:00,4822.33,27599.97,18716.80,366.00,-0.142541
2017-09-04T05:18:00,5748.46,27599.97,18716.78,366.00,-0.139449
2017-09-04T05:23:00,4103.20,27599.97,18733.41,366.00,-0.188684
2017-09-04T05:28:00,4307.25,27599.97,18749.11,366.00,-0.230781
2017-09-04T05:33:00,5869.59,27599.97,18746.49,366.00,-0.223095
2017-09-04T05:38:00,5662.41,27599.97,18747.06,366.00,-0.222002
2017-09-04T05:43:00,5492.39,27599.97,18751.60,366.00,-0.226222
2017-09-04T05:48:00,4515.66,27599.97,18767.22,366.00,-0.260717
2017-09-04T05:53:00,4857.60,27599.97,18778.38,366.00,-0.284163
2017-09-04T05:58:00,4489.96,27599.97,18792.49,366.00,-0.318598
2017-09-04T06:03:00,5160.46,27599.97,18799.06,366.00,-0.332013
2017-09-04T06:08:00,5388.13,27599.97,18803.40,366.00,-0.338292
2017-09-04T06:13:00,4575.46,27599.97,18817.05,366.00,-0.369155
2017-09-04T06:18:00,6423.43,27599.97,18791.12,366.00,-0.343726
2017-09-04T06:23:00,5124.58,27599.97,18813.80,366.00,-0.357717
2017-09-04T06:28:00,5288.46,27599.97,18821.11,366.00,-0.366601
2017-09-04T06:33:00,6021.58,27599.97,18809.96,366.00,-0.353488
2017-09-04T06:38:00,5444.86,27599.97,18821.16,366.00,-0.357664
2017-09-04T06:43:00,4705.80,27599.97,18837.89,366.00,-0.383624
2017-09-04T06:48:00,6778.37,27599.97,18732.10,366.00,-0.348227
2017-09-04T06:53:00,5903.33,27599.97,18747.60,366.00,-0.338929
2017-09-04T06:58:00,6013.48,27599.97,18730.66,366.00,-0.326530
2017-09-04T07:03:00,4854.53,27599.97,18832.62,366.00,-0.347947
2017-09-04T07:08:00,6782.60,27599.97,18680.36,366.00,-0.313317
2017-09-04T07:13:00,6594.86,27599.97,18522.22,366.00,-0.284536
2017-09-04T07:18:00,7628.33,27599.97,18071.69,366.00,-0.226498
2017-09-04T07:23:00,4690.46,27599.97,18776.71,366.00,-0.253060
2017-09-04T07:28:00,4824.29,27599.97,18805.45,366.00,-0.275467
2017-09-04T07:33:00,6127.19,27599.97,18800.33,366.00,-0.260711
2017-09-04T07:38:00,5632.97,27599.97,18799.26,366.00,-0.260062
2017-09-04T07:43:00,5944.73,27599.97,18775.05,366.00,-0.250669
2017-09-04T07:48:00,6233.36,27599.97,18721.66,366.00,-0.233329
2017-09-04T07:53:00,6904.59,27599.97,18455.40,366.00,-0.197540
2017-09-04T07:58:00,5866.83,27599.97,18639.21,366.00,-0.190940
2017-09-04T08:03:00,4823.19,27599.97,18800.66,366.00,-0.213193
2017-09-04T08:08:00,5653.39,27599.97,18803.76,366.00,-0.212365
2017-09-04T08:13:00,5748.89,27599.97,18804.17,366.00,-0.208930
2017-09-04T08:18:00,5595.13,27599.97,18806.70,366.00,-0.209719
2017-09-04T08:23:00,5787.16,27599.97,18804.20,366.00,-0.205288
2017-09-04T08:28:00,4448.20,27599.97,18824.49,366.00,-0.237044
2017-09-04T08:33:00,5917.07,27599.97,18822.54,366.00,-0.228917
2017-09-04T08:38:00,6200.79,27599.97,18786.50,366.00,-0.213292
2017-09-04T08:43:00,5575.19,27599.97,18806.93,366.00,-0.214531
2017-09-04T08:48:00,5337.53,27599.97,18828.97,366.00,-0.222056
2017-09-04T08:53:00,8836.59,27599.97,17909.37,366.00,-0.137015
2017-09-04T08:58:00,5579.98,27599.97,18282.72,366.00,-0.138733
2017-09-04T09:03:00,6197.73,27599.97,18373.12,366.00,-0.124239
2017-09-04T09:08:00,6985.19,27599.97,18445.30,366.00,-0.089372
2017-09-04T09:13:00,6430.79,27599.97,18429.68,366.00,-0.069344
2017-09-04T09:18:00,5991.77,27599.97,18590.76,366.00,-0.060925
2017-09-04T09:23:00,6760.46,27599.97,18498.57,366.00,-0.032798
2017-09-04T09:28:00,7892.30,27599.97,18017.69,366.00,0.024032
2017-09-04T09:33:00,5357.46,27599.97,18478.63,366.00,0.015369
2017-09-04T09:38:00,6687.29,27599.97,18375.89,366.00,0.040662
2017-09-04T09:43:00,8111.33,27599.97,17822.77,366.00,0.101744
2017-09-04T09:48:00,5973.86,27599.97,17767.20,366.00,0.108110
2017-09-04T09:53:00,6972.12,27599.97,17487.09,366.00,0.139495
2017-09-04T09:58:00,7393.30,27599.97,17114.03,358.23,0.181040
2017-09-04T10:03:00,6489.06,27599.97,16950.37,324.98,0.199523
2017-09-04T10:08:00,6876.99,27599.97,16701.66,285.01,0.227411
2017-09-04T10:13:00,6252.87,27599.97,16594.79,270.57,0.239516
2017-09-04T10:18:00,7076.33,27599.97,16306.49,238.35,0.271756
2017-09-04T10:23:00,5833.35,27599.97,16295.87,237.18,0.273100
2017-09-04T10:28:00,7648.26,27599.97,15883.76,203.01,0.318774
2017-09-04T10:33:00,7435.13,27599.97,15525.32,180.28,0.358702
2017-09-04T10:38:00,6341.86,27599.97,15410.80,173.98,0.371639
2017-09-04T10:43:00,6503.66,27599.97,15262.52,166.47,0.388318
2017-09-04T10:48:00,6705.26,27599.97,15072.88,157.76,0.409636
2017-09-04T10:53:00,6723.91,27599.97,14881.82,149.85,0.431136
2017-09-04T10:58:00,7298.66,27599.97,14568.39,138.53,0.466081
2017-09-04T11:03:00,7042.59,27599.97,14314.25,130.51,0.494515
2017-09-04T11:08:00,6642.39,27599.97,14148.65,125.74,0.513127
2017-09-04T11:13:00,7990.93,27599.97,13695.10,114.42,0.563296
2017-09-04T11:18:00,6444.59,27599.97,13576.67,111.76,0.576550
2017-09-04T11:23:00,6648.53,27599.97,13417.92,108.38,0.594403
2017-09-04T11:28:00,6290.22,27599.97,13335.85,106.70,0.603685
2017-09-04T11:33:00,6108.79,27599.97,13293.63,105.84,0.608634
2017-09-04T11:38:00,5052.33,27599.97,13469.06,109.39,0.589092
2017-09-04T11:43:00,5908.79,27599.97,13467.98,109.33,0.589483
2017-09-04T11:48:00,6303.53,27599.97,13385.24,107.60,0.598909
2017-09-04T11:53:00,7520.44,27599.97,13049.26,101.24,0.636010
2017-09-04T11:58:00,5041.60,27599.97,13224.70,104.51,0.616259
2017-09-04T12:03:00,7465.79,27599.97,12904.77,98.76,0.651672
2017-09-04T12:08:00,5920.19,27599.97,12905.28,98.75,0.651761
2017-09-04T12:13:00,6710.11,27599.97,12746.67,96.10,0.669601
2017-09-04T12:18:00,5225.41,27599.97,12886.60,98.42,0.653956
2017-09-04T12:23:00,4408.33,27599.97,13187.55,103.82,0.620241
2017-09-04T12:28:00,5443.82,27599.97,13282.48,105.61,0.609922
2017-09-04T12:33:00,6553.46,27599.97,13152.71,103.15,0.624283
2017-09-04T12:38:00,4781.42,27599.97,13376.68,107.49,0.599371
2017-09-04T12:43:00,5492.39,27599.97,13459.91,109.16,0.590356
2017-09-04T12:48:00,4506.16,27599.97,13733.86,115.18,0.559839
2017-09-04T12:53:00,5132.06,27599.97,13883.92,118.73,0.543310
2017-09-04T12:58:00,4693.84,27599.97,14117.42,124.73,0.517435
2017-09-04T13:03:00,4441.02,27599.97,14396.72,132.78,0.486370
2017-09-04T13:08:00,4182.93,27599.97,14722.37,143.58,0.450083
2017-09-04T13:13:00,4395.76,27599.97,15003.93,154.40,0.418768
2017-09-04T13:18:00,4417.53,27599.97,15278.19,166.63,0.388264
2017-09-04T13:23:00,4383.80,27599.97,15555.83,181.14,0.357377
2017-09-04T13:28:00,4349.20,27599.97,15837.14,198.63,0.326095
2017-09-04T13:33:00,4281.06,27599.97,16128.23,220.66,0.293716
2017-09-04T13:38:00,4197.59,27599.97,16431.75,249.50,0.259934
2017-09-04T13:43:00,4973.70,27599.97,16586.30,267.17,0.242825
2017-09-04T13:48:00,4202.86,27599.97,16883.39,309.46,0.209773
2017-09-04T13:53:00,5457.13,27599.97,16942.96,319.47,0.203231
2017-09-04T13:58:00,6418.10,27599.97,16821.30,299.51,0.216715
2017-09-04T14:03:00,5551.09,27599.97,16865.32,306.09,0.212105
2017-09-04T14:08:00,9099.53,27599.97,16229.69,230.76,0.280691
2017-09-04T14:13:00,9340.75,27599.97,15563.12,182.88,0.353466
2017-09-04T14:18:00,10323.92,27599.97,14716.55,144.69,0.445548
2017-09-04T14:23:00,11268.46,27599.97,13695.57,115.55,0.555862
2017-09-04T14:28:00,9038.99,27599.97,13106.23,103.44,0.619664
2017-09-04T14:33:00,9185.64,27599.97,12498.28,93.28,0.685721
2017-09-04T14:38:00,9152.46,27599.97,11904.40,85.08,0.750370
2017-09-04T14:43:00,10353.06,27599.97,11094.87,75.95,0.838416
2017-09-04T14:48:00,9874.66,27599.97,10383.78,69.36,0.915907
2017-09-04T14:53:00,6108.43,27599.97,10349.63,69.17,0.917423
2017-09-04T14:58:00,6946.36,27599.97,10183.05,67.79,0.935555
2017-09-04T15:03:00,9590.99,27599.97,9536.90,62.92,1.005832
2017-09-04T15:08:00,10153.72,27599.97,8797.35,58.11,1.086427
2017-09-04T15:13:00,9811.79,27599.97,8130.29,54.35,1.159407
2017-09-04T15:18:00,10736.57,27599.97,7298.94,50.28,1.249687
2017-09-04T15:23:00,10645.92,27599.97,6492.42,46.86,1.337200
2017-09-04T15:28:00,9326.21,27599.97,5929.96,44.73,1.398083
2017-09-04T15:33:00,10549.45,27599.97,5157.37,42.08,1.481984
2017-09-04T15:38:00,9883.73,27599.97,4511.59,40.09,1.552104
2017-09-04T15:43:00,10736.39,27599.97,3723.43,37.89,1.637845
2017-09-04T15:48:00,10228.37,27599.97,3031.69,36.14,1.712900
2017-09-04T15:53:00,6755.86,27599.97,2938.36,35.93,1.720801
2017-09-04T15:58:00,5352.00,27599.97,3094.77,36.31,1.701869
2017-09-04T16:03:00,5139.73,27599.97,3298.21,36.82,1.679080
2017-09-04T16:08:00,4268.80,27599.97,3647.81,37.72,1.640045
2017-09-04T16:13:00,5065.33,27599.97,3860.42,38.29,1.616391
2017-09-04T16:18:00,5115.38,27599.97,4062.82,38.85,1.593895
2017-09-04T16:23:00,5321.27,27599.97,4228.67,39.32,1.575457
2017-09-04T16:28:00,6220.73,27599.97,4241.99,39.36,1.573942
2017-09-04T16:33:00,4807.00,27599.97,4491.63,40.09,1.546167
2017-09-04T16:38:00,6297.21,27599.97,4491.03,40.08,1.546224
2017-09-04T16:43:00,6642.03,27599.97,4434.10,39.91,1.552608
2017-09-04T16:48:00,9283.71,27599.97,3927.06,38.48,1.607426
2017-09-04T16:53:00,7177.53,27599.97,3785.29,38.10,1.623085
2017-09-04T16:58:00,6265.19,27599.97,3794.28,38.12,1.621908
2017-09-04T17:03:00,7159.80,27599.97,3658.70,37.76,1.636977
2017-09-04T17:08:00,6238.70,27599.97,3675.67,37.80,1.635173
2017-09-04T17:13:00,8749.19,27599.97,3276.51,36.77,1.678680
2017-09-04T17:18:00,7006.71,27599.97,3170.89,36.51,1.690358
2017-09-04T17:23:00,6466.06,27599.97,3154.37,36.47,1.692191
2017-09-04T17:28:00,7418.26,27599.97,2984.81,36.06,1.710988
2017-09-04T17:33:00,6301.99,27599.97,2996.97,36.08,1.709686
2017-09-04T17:38:00,5329.55,27599.97,3163.44,36.49,1.691112
2017-09-04T17:43:00,6329.96,27599.97,3171.15,36.51,1.690388
2017-09-04T17:48:00,4524.86,27599.97,3462.32,37.25,1.657832
2017-09-04T17:53:00,7391.09,27599.97,3294.20,36.82,1.675918
2017-09-04T17:58:00,5898.73,27599.97,3369.64,37.01,1.667670
2017-09-04T18:03:00,4575.71,27599.97,3649.14,37.74,1.636400
2017-09-04T18:08:00,5277.85,27599.97,3819.41,38.20,1.617625
2017-09-04T18:13:00,4805.46,27599.97,4060.94,38.86,1.590830
2017-09-04T18:18:00,5215.11,27599.97,4236.34,39.36,1.571351
2017-09-04T18:23:00,5592.49,27599.97,4352.18,39.69,1.558537
2017-09-04T18:28:00,4932.73,27599.97,4568.83,40.34,1.534512
2017-09-04T18:33:00,6181.11,27599.97,4590.83,40.40,1.532039
2017-09-04T18:38:00,4811.60,27599.97,4823.18,41.12,1.506238
2017-09-04T18:43:00,4538.66,27599.97,5094.82,41.98,1.476037
2017-09-04T18:48:00,5799.31,27599.97,5172.31,42.24,1.467444
2017-09-04T18:53:00,5875.67,27599.97,5238.00,42.45,1.460200
2017-09-04T18:58:00,7479.59,27599.97,5056.30,41.86,1.479961
2017-09-04T19:03:00,4427.22,27599.97,5336.17,42.79,1.448371
2017-09-04T19:08:00,6092.23,27599.97,5368.83,42.90,1.444868
2017-09-04T19:13:00,6404.73,27599.97,5354.49,42.85,1.446576
2017-09-04T19:18:00,4698.80,27599.97,5593.50,43.68,1.419953
2017-09-04T19:23:00,5401.93,27599.97,5727.80,44.15,1.405192
2017-09-04T19:28:00,4301.00,27599.97,6022.40,45.24,1.372418
2017-09-04T19:33:00,7218.93,27599.97,5876.25,44.70,1.387857
2017-09-04T19:38:00,5950.19,27599.97,5927.28,44.89,1.382357
2017-09-04T19:43:00,4561.66,27599.97,6179.22,45.84,1.354240
2017-09-04T19:48:00,4973.70,27599.97,6371.11,46.59,1.333077
2017-09-04T19:53:00,6203.86,27599.97,6380.10,46.63,1.332034
2017-09-04T19:58:00,4933.96,27599.97,6574.98,47.42,1.310470
2017-09-04T20:03:00,5895.66,27599.97,6628.91,47.64,1.304578
2017-09-04T20:08:00,4374.60,27599.97,6900.78,48.80,1.274316
2017-09-04T20:13:00,5577.77,27599.97,6998.09,49.23,1.263572
2017-09-04T20:18:00,4520.32,27599.97,7246.32,50.35,1.236056
2017-09-04T20:23:00,8126.66,27599.97,6962.56,49.09,1.266090
2017-09-04T20:28:00,9541.13,27599.97,6479.13,47.07,1.318215
2017-09-04T20:33:00,10435.86,27599.97,5873.22,44.73,1.383937
2017-09-04T20:38:00,4558.60,27599.97,6090.87,45.59,1.356520
2017-09-04T20:43:00,6064.27,27599.97,6122.77,45.71,1.352962
2017-09-04T20:48:00,5403.46,27599.97,6248.74,46.20,1.339087
2017-09-04T20:53:00,6240.72,27599.97,6255.76,46.23,1.338372
2017-09-04T20:58:00,4347.00,27599.97,6525.74,47.32,1.308227
2017-09-04T21:03:00,4816.20,27599.97,6730.33,48.18,1.285617
2017-09-04T21:08:00,4632.20,27599.97,6958.58,49.17,1.260364
2017-09-04T21:13:00,4703.96,27599.97,7174.38,50.15,1.236437
2017-09-04T21:18:00,4741.86,27599.97,7383.31,51.13,1.213302
2017-09-04T21:23:00,5109.06,27599.97,7539.95,51.89,1.195983
2017-09-04T21:28:00,5352.55,27599.97,7662.14,52.50,1.182520
2017-09-04T21:33:00,5858.86,27599.97,7713.98,52.76,1.176859
2017-09-04T21:38:00,4869.74,27599.97,7900.55,53.72,1.156257
2017-09-04T21:43:00,6024.34,27599.97,7928.37,53.87,1.153260
2017-09-04T21:48:00,5601.14,27599.97,8014.39,54.33,1.143907
2017-09-04T21:53:00,5633.46,27599.97,8095.31,54.76,1.135110
2017-09-04T21:58:00,4648.76,27599.97,8307.14,55.94,1.111657
2017-09-04T22:03:00,4937.33,27599.97,8479.25,56.94,1.092709
2017-09-04T22:08:00,4646.00,27599.97,8688.56,58.20,1.069596
2017-09-04T22:13:00,6843.51,27599.97,8597.74,57.66,1.079229
2017-09-04T22:18:00,5055.40,27599.97,8750.91,58.60,1.062357
2017-09-04T22:23:00,5592.06,27599.97,8832.21,59.11,1.053525
2017-09-04T22:28:00,6007.04,27599.97,8857.94,59.27,1.050850
2017-09-04T22:33:00,7206.66,27599.97,8722.12,58.42,1.065729
2017-09-04T22:38:00,6986.29,27599.97,8618.98,57.78,1.077240
2017-09-04T22:43:00,4656.73,27599.97,8818.45,59.03,1.054769
2017-09-04T22:48:00,4712.24,27599.97,9012.83,60.28,1.033297
2017-09-04T22:53:00,6571.86,27599.97,8961.56,59.95,1.038870
2017-09-04T22:58:00,6036.11,27599.97,8982.94,60.09,1.036662
2017-09-04T23:03:00,5667.19,27599.97,9052.31,60.54,1.029164
2017-09-04T23:08:00,4502.29,27599.97,9269.49,62.02,1.005049
2017-09-04T23:13:00,5972.45,27599.97,9296.73,62.21,1.002117
2017-09-04T23:18:00,5043.13,27599.97,9443.79,63.26,0.985980
2017-09-04T23:23:00,5332.93,27599.97,9552.57,64.05,0.974087
2017-09-04T23:28:00,5207.75,27599.97,9676.68,64.98,0.960520
2017-09-04T23:33:00,5540.97,27599.97,9757.20,65.59,0.951760
2017-09-04T23:38:00,5610.46,27599.97,9828.50,66.15,0.944043
2017-09-04T23:43:00,4607.66,27599.97,10025.04,67.74,0.922337
2017-09-04T23:48:00,6377.43,27599.97,9995.82,67.50,0.925530
2017-09-04T23:53:00,6145.59,27599.97,9997.98,67.51,0.925453
2017-09-04T23:58:00,4533.20,27599.97,10200.41,69.22,0.902985
2017-09-05T00:03:00,4721.13,27599.97,10379.34,70.80,0.883310
2017-09-05T00:08:00,6193.13,27599.97,10371.95,70.73,0.884107
2017-09-05T00:13:00,5768.39,27599.97,10419.23,71.15,0.879044
2017-09-05T00:18:00,4360.80,27599.97,10638.53,73.22,0.854713
2017-09-05T00:23:00,5498.83,27599.97,10717.47,73.98,0.846149
2017-09-05T00:28:00,5076.56,27599.97,10847.86,75.27,0.831894
2017-09-05T00:33:00,5446.40,27599.97,10931.51,76.13,0.822782
2017-09-05T00:38:00,4634.96,27599.97,11113.51,78.07,0.802748
2017-09-05T00:43:00,4445.13,27599.97,11316.96,80.35,0.780320
2017-09-05T00:48:00,5151.08,27599.97,11433.14,81.72,0.767588
2017-09-05T00:53:00,4822.33,27599.97,11588.32,83.61,0.750546
2017-09-05T00:58:00,6001.46,27599.97,11598.47,83.74,0.749431
2017-09-05T01:03:00,6600.99,27599.97,11536.40,82.96,0.756317
2017-09-05T01:08:00,5266.81,27599.97,11636.59,84.20,0.745378
2017-09-05T01:13:00,5291.83,27599.97,11733.47,85.44,0.734859
2017-09-05T01:18:00,5909.89,27599.97,11755.62,85.72,0.732599
2017-09-05T01:23:00,6487.53,27599.97,11707.81,85.08,0.737967
2017-09-05T01:28:00,5150.34,27599.97,11819.90,86.55,0.725695
2017-09-05T01:33:00,6012.19,27599.97,11829.51,86.67,0.724821
2017-09-05T01:38:00,5479.88,27599.97,11902.25,87.64,0.716988
2017-09-05T01:43:00,4629.13,27599.97,12073.60,90.05,0.698126
2017-09-05T01:48:00,5342.13,27599.97,12160.73,91.31,0.688686
2017-09-05T01:53:00,6130.26,27599.97,12153.75,91.20,0.689532
2017-09-05T01:58:00,5171.93,27599.97,12259.87,92.78,0.677982
2017-09-05T02:03:00,4659.06,27599.97,12424.30,95.37,0.659918
2017-09-05T02:08:00,4514.13,27599.97,12604.41,98.37,0.640142
2017-09-05T02:13:00,4647.53,27599.97,12767.54,101.24,0.622239
2017-09-05T02:18:00,4057.56,27599.97,12996.52,105.59,0.596952
2017-09-05T02:23:00,5232.22,27599.97,13088.33,107.44,0.586833
2017-09-05T02:28:00,4972.60,27599.97,13210.36,109.98,0.573498
2017-09-05T02:33:00,4891.45,27599.97,13340.69,112.83,0.559245
2017-09-05T02:38:00,5703.99,27599.97,13377.04,113.63,0.555364
2017-09-05T02:43:00,7447.76,27599.97,13209.41,109.98,0.573453
2017-09-05T02:48:00,4466.60,27599.97,13383.87,113.89,0.553971
2017-09-05T02:53:00,4566.32,27599.97,13548.41,117.78,0.535899
2017-09-05T02:58:00,5147.40,27599.97,13647.13,120.22,0.525225
2017-09-05T03:03:00,4488.06,27599.97,13818.32,124.74,0.506435
2017-09-05T03:08:00,4362.82,27599.97,14002.03,129.99,0.486246
2017-09-05T03:13:00,7652.86,27599.97,13805.58,124.56,0.506918
2017-09-05T03:18:00,4706.90,27599.97,13949.26,128.63,0.491073
2017-09-05T03:23:00,5204.13,27599.97,14038.08,131.24,0.481473
2017-09-05T03:28:00,6627.86,27599.97,13966.53,129.09,0.489408
2017-09-05T03:33:00,5644.75,27599.97,14006.22,130.22,0.485248
2017-09-05T03:38:00,5262.40,27599.97,14087.67,132.66,0.476455
2017-09-05T03:43:00,5607.76,27599.97,14130.77,133.97,0.471931
2017-09-05T03:48:00,4882.13,27599.97,14252.79,137.90,0.458643
2017-09-05T03:53:00,6317.27,27599.97,14215.38,136.65,0.462811
2017-09-05T03:58:00,5231.73,27599.97,14298.42,139.39,0.453852
2017-09-05T04:03:00,6021.39,27599.97,14294.51,139.22,0.454456
2017-09-05T04:08:00,6495.75,27599.97,14238.77,137.31,0.460736
2017-09-05T04:13:00,4503.40,27599.97,14397.75,142.81,0.443142
2017-09-05T04:18:00,4517.20,27599.97,14555.58,148.68,0.425857
2017-09-05T04:23:00,5488.90,27599.97,14607.94,150.69,0.420261
2017-09-05T04:28:00,5133.60,27599.97,14698.18,154.32,0.410496
2017-09-05T04:33:00,4556.94,27599.97,14849.03,160.86,0.393993
2017-09-05T04:38:00,4780.68,27599.97,14975.24,166.74,0.380260
2017-09-05T04:43:00,8658.72,27599.97,14669.61,153.57,0.412217
2017-09-05T04:48:00,4532.53,27599.97,14818.55,160.08,0.395542
2017-09-05T04:53:00,5757.66,27599.97,14840.74,161.01,0.393320
2017-09-05T04:58:00,4901.94,27599.97,14952.49,166.22,0.381139
2017-09-05T05:03:00,5669.77,27599.97,14982.66,167.63,0.377980
2017-09-05T05:08:00,4584.66,27599.97,15126.40,174.98,0.362265
2017-09-05T05:13:00,4488.06,27599.97,15279.22,183.52,0.345560
2017-09-05T05:18:00,6508.99,27599.97,15216.84,179.98,0.352284
2017-09-05T05:23:00,5665.54,27599.97,15246.34,181.58,0.349252
2017-09-05T05:28:00,5299.19,27599.97,15313.70,185.45,0.342043
2017-09-05T05:33:00,6089.47,27599.97,15298.38,184.45,0.343923
2017-09-05T05:38:00,5694.79,27599.97,15324.42,185.91,0.341284
2017-09-05T05:43:00,5873.46,27599.97,15331.76,186.25,0.340694
2017-09-05T05:48:00,6748.75,27599.97,15247.63,181.25,0.350028
2017-09-05T05:53:00,5840.46,27599.97,15258.69,181.80,0.349013
2017-09-05T05:58:00,6228.39,27599.97,15229.93,180.07,0.352376
2017-09-05T06:03:00,5141.51,27599.97,15311.77,184.78,0.343487
2017-09-05T06:08:00,5558.33,27599.97,15351.50,187.08,0.339340
2017-09-05T06:13:00,6059.85,27599.97,15339.64,186.27,0.340832
2017-09-05T06:18:00,5211.79,27599.97,15413.95,190.80,0.332850
2017-09-05T06:23:00,5217.93,27599.97,15487.24,195.46,0.324998
2017-09-05T06:28:00,5426.46,27599.97,15539.07,198.86,0.319519
2017-09-05T06:33:00,7527.13,27599.97,15373.33,188.25,0.337317
2017-09-05T06:38:00,4719.60,27599.97,15493.72,196.04,0.323996
2017-09-05T06:43:00,6110.27,27599.97,15476.49,194.80,0.326079
2017-09-05T06:48:00,5811.33,27599.97,15489.54,195.56,0.324862
2017-09-05T06:53:00,5962.88,27599.97,15487.31,195.30,0.325309
2017-09-05T06:58:00,6495.19,27599.97,15431.79,191.61,0.331559
2017-09-05T07:03:00,4638.82,27599.97,15558.91,200.13,0.317550
2017-09-05T07:08:00,5546.31,27599.97,15597.74,202.75,0.313501
2017-09-05T07:13:00,6094.99,27599.97,15581.80,201.53,0.315421
2017-09-05T07:18:00,5401.93,27599.97,15634.48,205.20,0.309839
2017-09-05T07:23:00,5099.19,27599.97,15716.25,211.27,0.301040
2017-09-05T07:28:00,6002.99,27599.97,15708.96,210.60,0.302013
2017-09-05T07:33:00,6873.93,27599.97,15615.19,203.61,0.312302
2017-09-05T07:38:00,6085.06,27599.97,15600.85,202.47,0.314079
2017-09-05T07:43:00,6160.68,27599.97,15579.26,200.84,0.316645
2017-09-05T07:48:00,5993.79,27599.97,15574.02,200.36,0.317414
2017-09-05T07:53:00,6645.46,27599.97,15505.36,195.61,0.325078
2017-09-05T07:58:00,6018.33,27599.97,15498.23,195.05,0.326051
2017-09-05T08:03:00,6177.61,27599.97,15475.95,193.48,0.328691
2017-09-05T08:08:00,6527.39,27599.97,15420.02,189.83,0.334984
2017-09-05T08:13:00,6927.23,27599.97,15325.76,184.06,0.345415
2017-09-05T08:18:00,6275.93,27599.97,15295.01,182.19,0.348950
2017-09-05T08:23:00,6777.33,27599.97,15216.53,177.71,0.357683
2017-09-05T08:28:00,5429.53,27599.97,15265.90,180.45,0.352324
2017-09-05T08:33:00,4850.42,27599.97,15369.78,186.50,0.340995
2017-09-05T08:38:00,6325.36,27599.97,15334.11,184.32,0.345014
2017-09-05T08:43:00,5854.26,27599.97,15343.96,184.81,0.344135
2017-09-05T08:48:00,6122.59,27599.97,15328.43,183.82,0.346022
2017-09-05T08:53:00,4895.93,27599.97,15426.77,189.75,0.335298
2017-09-05T08:58:00,6139.52,27599.97,15409.05,188.58,0.337387
2017-09-05T09:03:00,5725.46,27599.97,15430.62,189.83,0.335228
2017-09-05T09:08:00,7106.26,27599.97,15321.20,183.24,0.347147
2017-09-05T09:13:00,5961.78,27599.97,15320.93,183.16,0.347342
2017-09-05T09:18:00,8164.99,27599.97,15111.61,171.86,0.369858
2017-09-05T09:23:00,5887.99,27599.97,15117.54,172.18,0.369182
2017-09-05T09:28:00,6405.59,27599.97,15077.54,170.08,0.373724
2017-09-05T09:33:00,6617.19,27599.97,15018.15,167.10,0.380356
2017-09-05T09:38:00,6212.39,27599.97,14996.79,166.00,0.382873
2017-09-05T09:43:00,8923.62,27599.97,14718.26,153.89,0.412485
2017-09-05T09:48:00,6913.79,27599.97,14633.16,150.45,0.421814
2017-09-05T09:53:00,6685.33,27599.97,14569.94,147.98,0.428793
2017-09-05T09:58:00,6391.23,27599.97,14533.75,146.60,0.432794
2017-09-05T10:03:00,6791.13,27599.97,14462.41,143.94,0.440720
2017-09-05T10:08:00,8559.06,27599.97,14226.25,135.99,0.466038
2017-09-05T10:13:00,5889.53,27599.97,14235.86,136.33,0.464864
2017-09-05T10:18:00,5728.53,27599.97,14261.48,137.16,0.462113
2017-09-05T10:23:00,6597.93,27599.97,14209.77,135.45,0.467898
2017-09-05T10:28:00,5423.40,27599.97,14263.42,137.16,0.462154
2017-09-05T10:33:00,7596.80,27599.97,14119.70,132.64,0.477638
2017-09-05T10:38:00,6370.99,27599.97,14089.53,131.69,0.481079
2017-09-05T10:43:00,7375.45,27599.97,13969.32,128.14,0.494232
2017-09-05T10:48:00,6889.26,27599.97,13893.68,125.99,0.502577
2017-09-05T10:53:00,7267.81,27599.97,13785.00,123.03,0.514506
2017-09-05T10:58:00,5875.73,27599.97,13799.26,123.41,0.512940
2017-09-05T11:03:00,6962.86,27599.97,13718.80,121.28,0.521819
2017-09-05T11:08:00,5593.04,27599.97,13758.77,122.31,0.517507
2017-09-05T11:13:00,8309.13,27599.97,13555.63,117.30,0.539170
2017-09-05T11:18:00,6793.46,27599.97,13491.87,115.76,0.546221
2017-09-05T11:23:00,8005.53,27599.97,13321.15,111.90,0.564734
2017-09-05T11:28:00,5672.71,27599.97,13353.16,112.65,0.560985
2017-09-05T11:33:00,7042.59,27599.97,13269.33,110.80,0.570214
2017-09-05T11:38:00,7482.66,27599.97,13147.29,108.23,0.583520
2017-09-05T11:43:00,6073.53,27599.97,13148.57,108.25,0.583461
2017-09-05T11:48:00,6612.59,27599.97,13103.95,107.32,0.588456
2017-09-05T11:53:00,5961.59,27599.97,13115.49,107.54,0.587314
2017-09-05T11:58:00,6467.59,27599.97,13083.95,106.88,0.590900
2017-09-05T12:03:00,6312.73,27599.97,13066.02,106.50,0.593011
2017-09-05T12:08:00,5349.79,27599.97,13129.49,107.77,0.586152
2017-09-05T12:13:00,6050.53,27599.97,13133.86,107.84,0.585834
2017-09-05T12:18:00,7776.02,27599.97,12987.88,104.98,0.601470
2017-09-05T12:23:00,6217.66,27599.97,12978.64,104.78,0.602609
2017-09-05T12:28:00,5644.19,27599.97,13017.24,105.52,0.598458
2017-09-05T12:33:00,6427.73,27599.97,12990.43,104.98,0.601523
2017-09-05T12:38:00,5632.23,27599.97,13030.55,105.75,0.597277
2017-09-05T12:43:00,7763.32,27599.97,12888.19,103.06,0.612521
2017-09-05T12:48:00,5464.79,27599.97,12941.33,104.06,0.606705
2017-09-05T12:53:00,5747.79,27599.97,12971.98,104.63,0.603498
2017-09-05T12:58:00,4696.60,27599.97,13088.06,106.92,0.590779
2017-09-05T13:03:00,5076.37,27599.97,13173.28,108.65,0.581583
2017-09-05T13:08:00,4761.00,27599.97,13283.62,110.97,0.569604
2017-09-05T13:13:00,6125.66,27599.97,13279.92,110.90,0.569989
2017-09-05T13:18:00,4470.64,27599.97,13412.19,113.83,0.555508
2017-09-05T13:23:00,7445.86,27599.97,13295.73,111.31,0.567774
2017-09-05T13:28:00,4373.06,27599.97,13433.62,114.42,0.552492
2017-09-05T13:33:00,4667.52,27599.97,13548.99,117.13,0.539941
2017-09-05T13:38:00,4592.33,27599.97,13669.97,120.10,0.526808
2017-09-05T13:43:00,5697.37,27599.97,13699.64,120.85,0.523568
2017-09-05T13:48:00,4534.06,27599.97,13823.58,124.10,0.510053
2017-09-05T13:53:00,4467.15,27599.97,13952.15,127.66,0.496042
2017-09-05T13:58:00,5151.63,27599.97,14025.29,129.76,0.488154
2017-09-05T14:03:00,4684.33,27599.97,14135.15,133.06,0.476215
2017-09-05T14:08:00,9993.21,27599.97,13791.36,123.73,0.510876
2017-09-05T14:13:00,9356.58,27599.97,13520.70,116.98,0.539717
2017-09-05T14:18:00,9187.72,27599.97,13267.29,111.26,0.566873
2017-09-05T14:23:00,8919.39,27599.97,13035.50,106.52,0.591494
2017-09-05T14:28:00,10786.99,27599.97,12648.57,99.48,0.632139
2017-09-05T14:33:00,8910.19,27599.97,12420.87,95.72,0.656239
2017-09-05T14:38:00,9423.55,27599.97,12153.61,91.64,0.684593
2017-09-05T14:43:00,9607.18,27599.97,11872.91,87.71,0.714320
2017-09-05T14:48:00,10218.12,27599.97,11544.35,83.51,0.749079
2017-09-05T14:53:00,9863.92,27599.97,11246.95,80.03,0.780546
2017-09-05T14:58:00,8700.98,27599.97,11044.82,77.83,0.801833
2017-09-05T15:03:00,8885.66,27599.97,10830.87,75.61,0.824537
2017-09-05T15:08:00,6363.33,27599.97,10814.94,75.48,0.825598
2017-09-05T15:13:00,5115.75,27599.97,10898.64,76.37,0.816048
2017-09-05T15:18:00,7223.65,27599.97,10821.55,75.58,0.824420
2017-09-05T15:23:00,9946.72,27599.97,10520.46,72.68,0.855744
2017-09-05T15:28:00,8305.94,27599.97,10360.90,71.21,0.873001
2017-09-05T15:33:00,9180.06,27599.97,10131.81,69.20,0.897482
2017-09-05T15:38:00,10107.72,27599.97,9828.59,66.71,0.929569
2017-09-05T15:43:00,10495.90,27599.97,9496.57,64.18,0.964671
2017-09-05T15:48:00,9830.19,27599.97,9219.35,62.20,0.993956
2017-09-05T15:53:00,11286.86,27599.97,8826.45,59.60,1.035165
2017-09-05T15:58:00,10704.74,27599.97,8483.01,57.49,1.071236
2017-09-05T16:03:00,10356.12,27599.97,8169.63,55.69,1.104152
2017-09-05T16:08:00,9406.99,27599.97,7931.81,54.39,1.128973
2017-09-05T16:13:00,9088.86,27599.97,7722.71,53.30,1.150984
2017-09-05T16:18:00,11262.08,27599.97,7344.07,51.41,1.190731
2017-09-05T16:23:00,6984.33,27599.97,7293.18,51.19,1.195037
2017-09-05T16:28:00,5633.89,27599.97,7348.20,51.47,1.188233
2017-09-05T16:33:00,6464.53,27599.97,7348.23,51.47,1.188261
2017-09-05T16:38:00,4803.13,27599.97,7471.37,52.08,1.174722
2017-09-05T16:43:00,5188.79,27599.97,7566.43,52.56,1.164407
2017-09-05T16:48:00,7947.14,27599.97,7449.38,51.98,1.176558
2017-09-05T16:53:00,8781.39,27599.97,7272.03,51.12,1.195375
2017-09-05T16:58:00,6217.54,27599.97,7289.43,51.21,1.193325
2017-09-05T17:03:00,6492.13,27599.97,7287.99,51.20,1.193493
2017-09-05T17:08:00,7583.92,27599.97,7205.43,50.81,1.202437
2017-09-05T17:13:00,4969.53,27599.97,7314.20,51.33,1.190320
2017-09-05T17:18:00,4466.60,27599.97,7460.20,52.06,1.174249
2017-09-05T17:23:00,5303.43,27599.97,7546.00,52.49,1.164966
2017-09-05T17:28:00,5061.47,27599.97,7648.32,53.01,1.153810
2017-09-05T17:33:00,5417.26,27599.97,7724.11,53.41,1.145552
2017-09-05T17:38:00,5274.66,27599.97,7810.22,53.86,1.136209
2017-09-05T17:43:00,5465.53,27599.97,7881.98,54.25,1.128433
2017-09-05T17:48:00,4826.93,27599.97,7999.22,54.89,1.115657
2017-09-05T17:53:00,4788.60,27599.97,8118.48,55.56,1.102658
2017-09-05T17:58:00,6125.35,27599.97,8139.92,55.69,1.100251
2017-09-05T18:03:00,5135.13,27599.97,8233.56,56.23,1.090083
2017-09-05T18:08:00,4626.06,27599.97,8362.57,56.98,1.075991
2017-09-05T18:13:00,6016.79,27599.97,8391.34,57.16,1.072848
2017-09-05T18:18:00,5366.54,27599.97,8467.14,57.61,1.064652
2017-09-05T18:23:00,5289.63,27599.97,8547.92,58.11,1.055905
2017-09-05T18:28:00,5221.00,27599.97,8633.27,58.64,1.046677
2017-09-05T18:33:00,5733.13,27599.97,8681.59,58.94,1.041468
2017-09-05T18:38:00,5068.64,27599.97,8776.68,59.55,1.031155
2017-09-05T19:11:00,5645.73,27599.97,9195.95,62.39,0.985893
2017-09-05T19:16:00,4987.68,27599.97,9293.45,63.08,0.975322
2017-09-05T19:21:00,5492.39,27599.97,9355.50,63.53,0.968642
2017-09-05T19:26:00,5430.94,27599.97,9421.53,64.02,0.961534
2017-09-05T19:31:00,5724.97,27599.97,9466.71,64.36,0.956687
2017-09-05T19:36:00,7021.13,27599.97,9420.40,64.01,0.961628
2017-09-05T19:41:00,5932.46,27599.97,9451.50,64.24,0.958346
2017-09-05T19:46:00,4820.80,27599.97,9557.54,65.05,0.946744
2017-09-05T19:51:00,6044.95,27599.97,9580.18,65.22,0.944371
2017-09-05T19:56:00,6377.13,27599.97,9579.63,65.22,0.944487
2017-09-05T20:01:00,5737.73,27599.97,9623.34,65.55,0.939832
2017-09-05T20:06:00,4589.26,27599.97,9743.64,66.51,0.926666
2017-09-05T20:11:00,5286.87,27599.97,9817.18,67.10,0.918754
2017-09-05T20:16:00,5682.53,27599.97,9863.12,67.48,0.913815
2017-09-05T20:21:00,4862.75,27599.97,9964.16,68.32,0.902850
2017-09-05T20:26:00,5426.46,27599.97,10026.82,68.85,0.896103
2017-09-05T20:31:00,5962.33,27599.97,10052.81,69.07,0.893334
2017-09-05T20:36:00,4699.66,27599.97,10163.24,70.04,0.881316
2017-09-05T20:41:00,6564.19,27599.97,10146.97,69.90,0.883015
2017-09-05T20:46:00,6830.81,27599.97,10113.77,69.60,0.886643
2017-09-05T20:51:00,4583.13,27599.97,10229.74,70.65,0.873866
2017-09-05T20:56:00,5383.47,27599.97,10294.04,71.23,0.866984
2017-09-05T21:01:00,6930.91,27599.97,10252.78,70.85,0.871365
2017-09-05T21:06:00,5461.73,27599.97,10311.36,71.39,0.865079
2017-09-05T21:11:00,4929.66,27599.97,10404.43,72.25,0.854985
2017-09-05T21:16:00,4674.33,27599.97,10514.01,73.30,0.843111
2017-09-05T21:21:00,4784.36,27599.97,10615.63,74.30,0.832100
2017-09-05T21:26:00,5572.13,27599.97,10664.35,74.78,0.826807
2017-09-05T21:31:00,6144.49,27599.97,10675.13,74.89,0.825640
2017-09-05T21:36:00,5696.82,27599.97,10716.25,75.31,0.821277
2017-09-05T21:41:00,5020.13,27599.97,10801.07,76.18,0.812113
2017-09-05T21:46:00,6258.75,27599.97,10804.30,76.21,0.811813
2017-09-05T21:51:00,6501.33,27599.97,10791.85,76.08,0.813230
2017-09-05T21:56:00,6406.32,27599.97,10786.11,76.01,0.813959
2017-09-05T22:01:00,4843.80,27599.97,10880.41,77.01,0.803638
2017-09-05T22:06:00,4817.12,27599.97,10977.04,78.05,0.793190
2017-09-05T22:11:00,5478.59,27599.97,11030.64,78.64,0.787457
2017-09-05T22:16:00,6137.13,27599.97,11040.66,78.75,0.786379
2017-09-05T22:21:00,6252.13,27599.97,11043.90,78.78,0.786108
2017-09-05T22:26:00,6209.99,27599.97,11050.21,78.84,0.785539
2017-09-05T22:31:00,5575.19,27599.97,11097.14,79.36,0.780541
2017-09-05T22:36:00,4661.33,27599.97,11201.32,80.56,0.769209
2017-09-05T22:41:00,4550.93,27599.97,11312.39,81.88,0.757178
2017-09-05T22:46:00,4674.15,27599.97,11414.97,83.13,0.746074
2017-09-05T22:51:00,5343.66,27599.97,11474.00,83.86,0.739665
2017-09-05T22:56:00,6614.79,27599.97,11450.66,83.58,0.742063
2017-09-05T23:01:00,4405.26,27599.97,11567.98,85.08,0.729227
2017-09-05T23:06:00,5956.07,27599.97,11587.89,85.33,0.727124
2017-09-05T23:11:00,6723.91,27599.97,11558.74,84.95,0.730293
2017-09-05T23:41:00,5024.73,27599.97,11763.91,87.64,0.708672
2017-09-05T23:46:00,5115.20,27599.97,11835.70,88.63,0.700972
2017-09-05T23:51:00,6278.63,27599.97,11833.88,88.60,0.701158
2017-09-05T23:56:00,4859.13,27599.97,11920.60,89.83,0.691791
2017-09-06T00:01:00,4840.73,27599.97,12008.15,91.10,0.682355
2017-09-06T00:06:00,4570.37,27599.97,12111.80,92.66,0.671164
2017-09-06T00:11:00,5779.13,27599.97,12139.69,93.09,0.668117
2017-09-06T00:16:00,6024.15,27599.97,12153.07,93.29,0.666720
2017-09-06T00:21:00,6769.66,27599.97,12120.18,92.78,0.670288
2017-09-06T00:26:00,5542.99,27599.97,12163.43,93.44,0.665682
2017-09-06T00:31:00,5827.46,27599.97,12189.49,93.84,0.662987
2017-09-06T00:36:00,4685.86,27599.97,12283.88,95.34,0.652754
2017-09-06T00:41:00,5516.93,27599.97,12328.00,96.05,0.648066
2017-09-06T00:46:00,4954.56,27599.97,12405.99,97.34,0.639699
2017-09-06T00:51:00,6970.28,27599.97,12358.55,96.57,0.644628
2017-09-06T00:56:00,4876.00,27599.97,12440.15,97.94,0.635787
2017-09-06T01:01:00,4923.53,27599.97,12519.04,99.29,0.627309
2017-09-06T01:06:00,5614.75,27599.97,12556.27,99.93,0.623393
2017-09-06T01:11:00,6142.53,27599.97,12560.90,100.01,0.622937
2017-09-06T01:16:00,6047.46,27599.97,12571.89,100.19,0.621862
2017-09-06T01:21:00,5499.02,27599.97,12615.69,100.97,0.617230
2017-09-06T01:26:00,4498.80,27599.97,12717.79,102.85,0.606145
2017-09-06T01:31:00,5250.07,27599.97,12775.63,103.93,0.599981
2017-09-06T01:36:00,5029.33,27599.97,12846.19,105.29,0.592427
2017-09-06T01:41:00,5343.72,27599.97,12897.51,106.30,0.586940
2017-09-06T01:46:00,4729.16,27599.97,12984.91,108.07,0.577536
2017-09-06T01:51:00,5686.51,27599.97,13015.10,108.68,0.574322
2017-09-06T01:56:00,6838.66,27599.97,12975.82,107.88,0.578495
2017-09-06T02:01:00,4674.88,27599.97,13064.70,109.75,0.568826
2017-09-06T02:06:00,4742.60,27599.97,13150.06,111.59,0.559644
2017-09-06T02:11:00,5556.06,27599.97,13187.63,112.40,0.555687
2017-09-06T02:16:00,5076.86,27599.97,13252.89,113.86,0.548711
2017-09-06T02:21:00,5003.69,27599.97,13322.04,115.45,0.541310
2017-09-06T02:26:00,4734.93,27599.97,13406.40,117.45,0.532254
2017-09-06T02:31:00,5919.27,27599.97,13420.73,117.80,0.530718
2017-09-06T02:36:00,5021.66,27599.97,13487.94,119.45,0.523539
2017-09-06T02:41:00,5479.88,27599.97,13528.26,120.46,0.519279
2017-09-06T02:46:00,5768.39,27599.97,13551.83,121.04,0.516849
2017-09-06T02:51:00,6125.91,27599.97,13554.41,121.09,0.516667
2017-09-06T02:56:00,7212.79,27599.97,13492.91,119.53,0.523266
2017-09-06T03:01:00,7098.16,27599.97,13439.45,118.19,0.529108
2017-09-06T03:06:00,4681.14,27599.97,13522.33,120.31,0.519887
2017-09-06T03:11:00,5530.73,27599.97,13559.63,121.24,0.515989
2017-09-06T03:16:00,4593.86,27599.97,13649.55,123.60,0.506312
2017-09-06T03:21:00,5080.60,27599.97,13711.39,125.27,0.499698
2017-09-06T03:26:00,6267.77,27599.97,13704.44,125.08,0.500440
2017-09-06T03:31:00,5300.73,27599.97,13753.71,126.43,0.495225
2017-09-06T03:36:00,5084.53,27599.97,13814.90,128.15,0.488710
2017-09-06T03:41:00,4613.80,27599.97,13902.08,130.70,0.479348
2017-09-06T03:46:00,4691.44,27599.97,13984.43,133.20,0.470514
2017-09-06T03:51:00,5060.00,27599.97,14045.53,135.11,0.463980
2017-09-06T03:56:00,4807.00,27599.97,14120.52,137.53,0.455941
2017-09-06T04:01:00,4457.21,27599.97,14214.48,140.70,0.445822
2017-09-06T04:06:00,6246.24,27599.97,14206.28,140.44,0.446614
2017-09-06T04:11:00,6722.07,27599.97,14172.23,139.28,0.450280
2017-09-06T04:16:00,5406.53,27599.97,14213.02,140.66,0.445972
2017-09-06T04:21:00,6777.82,27599.97,14176.65,139.40,0.449957
2017-09-06T04:26:00,5654.93,27599.97,14203.57,140.29,0.447157
2017-09-06T04:31:00,4471.38,27599.97,14294.73,143.51,0.437263
2017-09-06T04:36:00,5084.53,27599.97,14352.96,145.60,0.431100
2017-09-06T04:41:00,6069.42,27599.97,14355.47,145.68,0.430864
2017-09-06T04:46:00,5069.56,27599.97,14413.87,147.85,0.424657
2017-09-06T04:51:00,5871.13,27599.97,14427.78,148.36,0.423261
2017-09-06T04:56:00,5161.20,27599.97,14480.85,150.39,0.417649
2017-09-06T05:01:00,4705.80,27599.97,14558.21,153.48,0.409365
2017-09-06T05:06:00,4466.78,27599.97,14648.16,157.24,0.399713
2017-09-06T05:11:00,4011.01,27599.97,14761.86,162.30,0.387422
2017-09-06T05:16:00,5820.53,27599.97,14775.19,162.95,0.385876
2017-09-06T05:21:00,5789.55,27599.97,14791.80,163.69,0.384154
2017-09-06T05:26:00,5854.26,27599.97,14805.21,164.28,0.382821
2017-09-06T05:31:00,4618.40,27599.97,14884.83,168.10,0.374246
2017-09-06T05:36:00,4798.16,27599.97,14955.02,171.58,0.366772
2017-09-06T05:41:00,6818.73,27599.97,14913.04,169.52,0.371142
2017-09-06T05:46:00,4862.20,27599.97,14979.06,172.85,0.364079
2017-09-06T05:51:00,7321.66,27599.97,14909.76,169.40,0.371364
2017-09-06T05:56:00,4613.80,27599.97,14987.28,173.40,0.362881
2017-09-06T06:01:00,5357.46,27599.97,15026.73,175.43,0.358755
2017-09-06T06:06:00,5886.46,27599.97,15037.67,175.97,0.357711
2017-09-06T06:11:00,4730.64,27599.97,15109.79,179.90,0.349999
2017-09-06T06:16:00,4826.93,27599.97,15176.68,183.68,0.342885
2017-09-06T06:21:00,5004.06,27599.97,15233.90,187.04,0.336829
2017-09-06T06:26:00,5372.79,27599.97,15270.97,189.27,0.332923
2017-09-06T06:31:00,5699.39,27599.97,15290.61,190.44,0.330909
2017-09-06T06:36:00,5326.79,27599.97,15330.18,192.89,0.326774
2017-09-06T06:41:00,6305.12,27599.97,15317.25,192.03,0.328244
2017-09-06T06:46:00,5680.99,27599.97,15338.03,193.29,0.326149
2017-09-06T06:51:00,7561.29,27599.97,15256.64,188.25,0.334750
2017-09-06T06:56:00,7129.99,27599.97,15200.54,184.84,0.340853
2017-09-06T07:01:00,6267.22,27599.97,15190.37,184.20,0.342034
2017-09-06T07:06:00,6487.53,27599.97,15168.84,182.91,0.344452
2017-09-06T07:11:00,6209.44,27599.97,15162.21,182.47,0.345285
2017-09-06T07:16:00,5346.73,27599.97,15200.38,184.66,0.341256
2017-09-06T07:21:00,5121.45,27599.97,15250.34,187.60,0.335983
2017-09-06T07:26:00,6082.48,27599.97,15249.94,187.53,0.336126
2017-09-06T07:31:00,6916.86,27599.97,15205.19,184.85,0.340936
2017-09-06T07:36:00,6286.54,27599.97,15194.73,184.18,0.342196
2017-09-06T07:41:00,6111.86,27599.97,15193.35,184.04,0.342472
2017-09-06T07:46:00,4599.08,27599.97,15268.26,188.57,0.334330
2017-09-06T07:51:00,6088.55,27599.97,15267.53,188.48,0.334503
2017-09-06T07:56:00,4658.26,27599.97,15340.04,193.01,0.326746
2017-09-06T08:01:00,6069.05,27599.97,15339.61,192.96,0.326836
2017-09-06T08:06:00,6286.91,27599.97,15328.59,192.20,0.328126
2017-09-06T08:11:00,6436.93,27599.97,15310.01,190.98,0.330233
2017-09-06T08:16:00,5800.59,27599.97,15324.23,191.81,0.328827
2017-09-06T08:21:00,6781.93,27599.97,15287.84,189.50,0.332814
2017-09-06T08:26:00,5489.33,27599.97,15317.60,191.32,0.329695
2017-09-06T08:31:00,5367.46,27599.97,15353.75,193.57,0.325925
2017-09-06T08:36:00,5886.46,27599.97,15363.56,194.14,0.325008
2017-09-06T08:41:00,6107.26,27599.97,15361.98,193.97,0.325297
2017-09-06T08:46:00,5798.75,27599.97,15376.21,194.83,0.323905
2017-09-06T08:51:00,7697.45,27599.97,15291.53,189.53,0.332823
2017-09-06T08:56:00,5830.59,27599.97,15303.70,190.26,0.331576
2017-09-06T09:01:00,5035.46,27599.97,15355.33,193.53,0.326037
2017-09-06T09:06:00,8163.52,27599.97,15245.64,186.89,0.337405
2017-09-06T09:11:00,7544.73,27599.97,15171.46,182.52,0.345375
2017-09-06T09:16:00,7726.46,27599.97,15088.59,177.88,0.354275
2017-09-06T09:21:00,5996.19,27599.97,15091.32,178.09,0.353838
2017-09-06T09:26:00,6582.78,27599.97,15066.98,176.73,0.356544
2017-09-06T09:31:00,7287.93,27599.97,15007.01,173.55,0.363002
2017-09-06T09:36:00,7600.73,27599.97,14931.59,169.71,0.371090
2017-09-06T09:41:00,5853.22,27599.97,14943.03,170.30,0.369825
2017-09-06T09:46:00,7191.33,27599.97,14888.88,167.61,0.375677
2017-09-06T09:51:00,6002.99,27599.97,14894.00,167.84,0.375190
2017-09-06T09:56:00,5550.66,27599.97,14921.69,169.16,0.372308
2017-09-06T10:01:00,7018.31,27599.97,14876.30,166.94,0.377198
2017-09-06T10:06:00,5860.39,27599.97,14888.97,167.51,0.375950
2017-09-06T10:11:00,7591.10,27599.97,14814.76,164.02,0.383819
2017-09-06T10:16:00,6821.79,27599.97,14780.24,162.40,0.387600
2017-09-06T10:21:00,7224.57,27599.97,14726.03,159.95,0.393470
2017-09-06T10:26:00,7947.26,27599.97,14635.55,156.07,0.403089
2017-09-06T10:31:00,6757.39,27599.97,14604.55,154.77,0.406433
2017-09-06T10:36:00,5792.93,27599.97,14620.22,155.43,0.404726
2017-09-06T10:41:00,6258.02,27599.97,14614.51,155.16,0.405448
2017-09-06T10:46:00,6783.46,27599.97,14583.10,153.83,0.408895
2017-09-06T10:51:00,7834.71,27599.97,14499.26,150.51,0.417773
2017-09-06T10:56:00,8845.79,27599.97,14365.04,145.50,0.431835
2017-09-06T11:01:00,6272.86,27599.97,14356.87,145.25,0.432519
2017-09-06T11:06:00,7754.06,27599.97,14278.84,142.47,0.440838
2017-09-06T11:11:00,5384.57,27599.97,14313.42,143.75,0.436908
2017-09-06T11:16:00,6446.13,27599.97,14300.02,143.24,0.438454
2017-09-06T11:21:00,7850.66,27599.97,14217.15,140.39,0.447193
2017-09-06T11:26:00,7422.92,27599.97,14156.84,138.34,0.453692
2017-09-06T11:31:00,6668.46,27599.97,14132.92,137.55,0.456297
2017-09-06T11:36:00,8187.99,27599.97,14035.01,134.43,0.466637
2017-09-06T11:41:00,6742.86,27599.97,14007.74,133.58,0.469558
2017-09-06T11:46:00,6079.66,27599.97,14012.32,133.72,0.469091
2017-09-06T11:51:00,6104.19,27599.97,14016.32,133.82,0.468748
2017-09-06T11:56:00,5762.14,27599.97,14036.67,134.44,0.466672
2017-09-06T12:01:00,6244.95,27599.97,14034.17,134.33,0.467046
2017-09-06T12:06:00,6671.53,27599.97,14011.36,133.60,0.469568
2017-09-06T12:11:00,6938.27,27599.97,13976.05,132.50,0.473417
2017-09-06T12:16:00,7586.93,27599.97,13909.71,130.51,0.480503
2017-09-06T12:21:00,6981.14,27599.97,13872.80,129.42,0.484508
2017-09-06T12:26:00,6628.59,27599.97,13852.67,128.82,0.486723
2017-09-06T12:31:00,6683.24,27599.97,13830.25,128.16,0.489197
2017-09-06T12:36:00,5313.00,27599.97,13870.93,129.34,0.484817
2017-09-06T12:41:00,4770.20,27599.97,13936.81,131.29,0.477754
2017-09-06T12:46:00,5457.13,27599.97,13971.44,132.31,0.474143
2017-09-06T12:51:00,4683.72,27599.97,14041.09,134.46,0.466711
2017-09-06T12:56:00,4486.53,27599.97,14119.24,136.96,0.458340
2017-09-06T13:01:00,4567.61,27599.97,14193.41,139.41,0.450413
2017-09-06T13:06:00,4563.20,27599.97,14267.22,141.95,0.442506
2017-09-06T13:11:00,4388.03,27599.97,14348.53,144.85,0.433776
2017-09-06T13:16:00,4688.87,27599.97,14415.81,147.34,0.426571
2017-09-06T13:21:00,6371.36,27599.97,14404.23,146.95,0.427663
2017-09-06T13:26:00,4808.53,27599.97,14465.95,149.28,0.421088
2017-09-06T13:31:00,4638.64,27599.97,14535.05,151.99,0.413716
2017-09-06T13:36:00,4807.00,27599.97,14596.53,154.46,0.407203
2017-09-06T13:41:00,4578.10,27599.97,14667.66,157.45,0.399608
2017-09-06T13:46:00,5444.37,27599.97,14699.07,158.80,0.396267
2017-09-06T13:51:00,5716.26,27599.97,14718.39,159.62,0.394263
2017-09-06T13:56:00,5236.33,27599.97,14759.60,161.42,0.389940
2017-09-06T14:01:00,4825.40,27599.97,14818.92,164.12,0.383651
2017-09-06T14:06:00,5985.70,27599.97,14825.52,164.41,0.382998
2017-09-06T14:11:00,9994.69,27599.97,14635.98,156.52,0.401678
2017-09-06T14:16:00,8543.73,27599.97,14526.26,152.05,0.413271
2017-09-06T14:21:00,8751.22,27599.97,14407.06,147.48,0.425797
2017-09-06T14:26:00,9057.58,27599.97,14272.83,142.70,0.439724
2017-09-06T14:31:00,8689.39,27599.97,14156.87,138.80,0.451811
2017-09-06T14:36:00,8488.53,27599.97,14050.82,135.40,0.462872
2017-09-06T14:41:00,9328.42,27599.97,13906.34,131.04,0.477878
2017-09-06T14:46:00,8878.36,27599.97,13783.51,127.54,0.490658
2017-09-06T14:51:00,9752.91,27599.97,13620.60,123.18,0.507525
2017-09-06T14:56:00,8658.72,27599.97,13508.30,120.35,0.519107
2017-09-06T15:01:00,10376.06,27599.97,13317.17,115.83,0.538760
2017-09-06T15:06:00,5676.39,27599.97,13330.89,116.34,0.536085
2017-09-06T15:11:00,4707.64,27599.97,13394.32,117.94,0.528850
2017-09-06T15:16:00,10270.87,27599.97,13202.59,113.67,0.547861
2017-09-06T15:21:00,9172.94,27599.97,13071.02,110.81,0.561605
2017-09-06T15:26:00,11141.56,27599.97,12847.22,106.32,0.584516
2017-09-06T15:31:00,9770.39,27599.97,12686.75,103.31,0.600876
2017-09-06T15:36:00,9569.65,27599.97,12537.46,100.65,0.616208
2017-09-06T15:41:00,9682.99,27599.97,12383.44,98.03,0.631986
2017-09-06T15:46:00,9676.00,27599.97,12231.40,95.57,0.647644
2017-09-06T15:51:00,10149.61,27599.97,12058.59,92.92,0.665421
2017-09-06T15:56:00,9968.19,27599.97,11894.69,90.53,0.682259
2017-09-06T16:01:00,9222.99,27599.97,11764.99,88.73,0.695549
2017-09-06T16:06:00,8626.53,27599.97,11662.86,87.36,0.706005
2017-09-06T16:11:00,8955.64,27599.97,11547.91,85.85,0.717923
2017-09-06T16:16:00,6176.26,27599.97,11551.98,85.94,0.716955
2017-09-06T16:21:00,5326.79,27599.97,11595.73,86.54,0.712077
2017-09-06T16:26:00,5009.40,27599.97,11654.83,87.34,0.705762
2017-09-06T16:31:00,7379.68,27599.97,11609.68,86.75,0.710353
2017-09-06T16:36:00,5237.86,27599.97,11658.82,87.41,0.705107
2017-09-06T16:41:00,5396.71,27599.97,11701.44,87.99,0.700611
2017-09-06T16:46:00,6065.86,27599.97,11715.49,88.18,0.699190
2017-09-06T16:51:00,7401.39,27599.97,11670.56,87.57,0.703858
2017-09-06T16:56:00,7613.54,27599.97,11617.86,86.86,0.709464
2017-09-06T17:01:00,6094.99,27599.97,11630.18,87.02,0.708142
2017-09-06T17:06:00,4797.80,27599.97,11696.03,87.94,0.700944
2017-09-06T17:11:00,3966.73,27599.97,11796.79,89.36,0.690019
2017-09-06T17:16:00,6267.03,27599.97,11799.95,89.42,0.689539
2017-09-06T17:21:00,6266.73,27599.97,11804.57,89.48,0.689057
2017-09-06T17:26:00,5372.79,27599.97,11847.22,90.09,0.684550
2017-09-06T17:31:00,8091.39,27599.97,11771.71,89.04,0.692280
2017-09-06T17:36:00,5311.46,27599.97,11815.69,89.67,0.687497
2017-09-06T17:41:00,4580.49,27599.97,11890.05,90.76,0.679461
2017-09-06T17:46:00,5936.75,27599.97,11908.84,91.03,0.677528
2017-09-06T17:51:00,7100.86,27599.97,11877.13,90.57,0.680796
2017-09-06T17:56:00,5446.76,27599.97,11916.06,91.14,0.676675
2017-09-06T18:01:00,5427.99,27599.97,11955.85,91.73,0.672490
2017-09-06T18:06:00,6492.62,27599.97,11951.05,91.65,0.673049
2017-09-06T18:11:00,5484.73,27599.97,11988.33,92.21,0.669135
2017-09-06T18:16:00,5227.13,27599.97,12035.97,92.93,0.664099
2017-09-06T18:21:00,5573.66,27599.97,12069.33,93.43,0.660617
2017-09-06T18:26:00,5222.53,27599.97,12116.84,94.17,0.655601
2017-09-06T18:31:00,4678.38,27599.97,12186.06,95.27,0.648212
2017-09-06T18:36:00,7258.24,27599.97,12146.09,94.66,0.652196
2017-09-06T18:41:00,4971.49,27599.97,12202.87,95.58,0.646125
2017-09-06T18:46:00,6400.43,27599.97,12201.11,95.55,0.646339
2017-09-06T18:51:00,4730.33,27599.97,12267.13,96.63,0.639249
2017-09-06T18:56:00,6756.66,27599.97,12249.61,96.35,0.641035
2017-09-06T19:01:00,5653.39,27599.97,12278.79,96.82,0.638003
2017-09-06T19:06:00,4748.73,27599.97,12343.78,97.92,0.631048
2017-09-06T19:11:00,6051.02,27599.97,12356.16,98.12,0.629781
2017-09-06T19:16:00,5024.73,27599.97,12410.11,99.05,0.624069
2017-09-06T19:21:00,4453.72,27599.97,12486.25,100.39,0.615913
2017-09-06T19:26:00,5339.49,27599.97,12526.84,101.11,0.611621
2017-09-06T19:31:00,4593.86,27599.97,12597.02,102.40,0.604134
2017-09-06T19:36:00,5097.53,27599.97,12646.62,103.33,0.598850
2017-09-06T19:41:00,4526.40,27599.97,12718.93,104.71,0.591135
2017-09-06T19:46:00,6120.39,27599.97,12725.99,104.85,0.590297
2017-09-06T19:51:00,5519.99,27599.97,12758.64,105.48,0.586889
2017-09-06T19:56:00,5783.85,27599.97,12780.53,105.91,0.584623
2017-09-06T20:01:00,8623.46,27599.97,12682.85,104.08,0.594490
2017-09-06T20:06:00,4259.04,27599.97,12760.84,105.65,0.585703
2017-09-06T20:11:00,5923.69,27599.97,12777.28,105.96,0.584040
2017-09-06T20:16:00,5748.15,27599.97,12800.79,106.42,0.581638
2017-09-06T20:21:00,5170.58,27599.97,12846.68,107.33,0.576796
2017-09-06T20:26:00,5486.26,27599.97,12880.11,108.01,0.573313
2017-09-06T20:31:00,5990.73,27599.97,12893.26,108.27,0.571977
2017-09-06T21:05:00,4878.20,27599.97,13158.49,113.95,0.544216
2017-09-06T21:10:00,4590.80,27599.97,13225.03,115.49,0.537138
2017-09-06T21:15:00,5107.53,27599.97,13271.20,116.58,0.532244
2017-09-06T21:20:00,4600.00,27599.97,13336.82,118.16,0.525262
2017-09-06T21:25:00,5651.19,27599.97,13361.04,118.76,0.522675
2017-09-06T21:30:00,5053.86,27599.97,13408.99,119.94,0.517625
2017-09-06T21:35:00,5297.66,27599.97,13447.24,120.91,0.513605
2017-09-06T21:40:00,4850.79,27599.97,13502.60,122.33,0.507759
2017-09-06T21:45:00,5438.67,27599.97,13534.96,123.18,0.504362
2017-09-06T21:50:00,6284.88,27599.97,13534.14,123.15,0.504463
2017-09-06T21:55:00,5569.06,27599.97,13561.66,123.87,0.501620
2017-09-06T22:00:00,5210.26,27599.97,13602.72,124.97,0.497318
2017-09-06T22:05:00,4901.76,27599.97,13655.35,126.41,0.491771
2017-09-06T22:10:00,5992.26,27599.97,13665.64,126.69,0.490709
2017-09-06T22:15:00,5645.85,27599.97,13689.69,127.36,0.488235
2017-09-06T22:20:00,6659.26,27599.97,13674.17,126.92,0.489901
2017-09-06T22:25:00,6698.70,27599.97,13657.79,126.44,0.491717
2017-09-06T22:30:00,5014.00,27599.97,13704.81,127.77,0.486680
2017-09-06T22:35:00,6529.42,27599.97,13694.74,127.48,0.487811
2017-09-06T22:40:00,5460.19,27599.97,13725.61,128.34,0.484606
2017-09-06T22:45:00,5814.95,27599.97,13742.98,128.83,0.482848
2017-09-06T22:50:00,5880.33,27599.97,13757.92,129.24,0.481361
2017-09-06T22:55:00,5572.13,27599.97,13784.38,130.00,0.478637
2017-09-06T23:00:00,5657.99,27599.97,13807.53,130.66,0.476271
2017-09-06T23:05:00,4917.40,27599.97,13858.09,132.17,0.470941
2017-09-06T23:10:00,6777.27,27599.97,13837.25,131.56,0.473089
2017-09-06T23:15:00,4469.66,27599.97,13903.30,133.59,0.465992
2017-09-06T23:20:00,6313.59,27599.97,13900.53,133.51,0.466293
2017-09-06T23:25:00,5696.33,27599.97,13921.84,134.15,0.464130
2017-09-06T23:30:00,4938.19,27599.97,13970.87,135.69,0.458956
2017-09-06T23:35:00,4899.00,27599.97,14021.37,137.32,0.453649
2017-09-06T23:40:00,5081.52,27599.97,14064.85,138.74,0.449092
2017-09-06T23:45:00,5922.40,27599.97,14076.38,139.13,0.447886
2017-09-06T23:50:00,4833.06,27599.97,14128.60,140.90,0.442376
2017-09-06T23:55:00,5515.39,27599.97,14155.52,141.81,0.439585
2017-09-07T00:00:00,4737.81,27599.97,14210.93,143.76,0.433740
2017-09-07T00:05:00,5710.07,27599.97,14230.02,144.44,0.431749
2017-09-07T00:10:00,5836.66,27599.97,14244.73,144.95,0.430264
2017-09-07T00:15:00,6683.79,27599.97,14227.48,144.32,0.432109
2017-09-07T00:20:00,5513.86,27599.97,14254.05,145.27,0.429359
2017-09-07T00:25:00,5555.26,27599.97,14279.20,146.17,0.426783
2017-09-07T00:30:00,7123.74,27599.97,14245.28,144.94,0.430343
2017-09-07T00:35:00,5493.93,27599.97,14272.34,145.91,0.427530
2017-09-07T00:40:00,5371.26,27599.97,14303.95,147.07,0.424251
2017-09-07T00:45:00,4647.53,27599.97,14361.35,149.25,0.418173
2017-09-07T00:50:00,6197.73,27599.97,14361.65,149.26,0.418138
2017-09-07T00:55:00,5913.94,27599.97,14373.18,149.68,0.417002
2017-09-07T01:00:00,5835.86,27599.97,14387.58,150.21,0.415569
2017-09-07T01:05:00,4629.07,27599.97,14444.79,152.48,0.409480
2017-09-07T01:10:00,5380.46,27599.97,14475.38,153.70,0.406316
2017-09-07T01:15:00,6337.69,27599.97,14470.50,153.50,0.406850
2017-09-07T01:20:00,5450.99,27599.97,14498.43,154.61,0.403972
2017-09-07T01:25:00,5628.86,27599.97,14519.92,155.48,0.401790
2017-09-07T01:30:00,4900.47,27599.97,14567.18,157.46,0.396825
2017-09-07T01:35:00,4911.26,27599.97,14613.95,159.47,0.391924
2017-09-07T01:40:00,6061.26,27599.97,14618.75,159.67,0.391437
2017-09-07T01:45:00,4673.60,27599.97,14673.41,162.11,0.385660
2017-09-07T01:50:00,4837.17,27599.97,14722.23,164.33,0.380531
2017-09-07T01:55:00,6324.99,27599.97,14716.91,164.09,0.381080
2017-09-07T02:00:00,4609.20,27599.97,14773.21,166.75,0.375115
2017-09-07T02:05:00,4535.60,27599.97,14832.02,169.60,0.368898
2017-09-07T02:10:00,4569.45,27599.97,14889.62,172.49,0.362836
2017-09-07T02:15:00,5404.99,27599.97,14916.81,173.89,0.359958
2017-09-07T02:20:00,4594.84,27599.97,14972.89,176.84,0.354038
2017-09-07T02:25:00,4957.26,27599.97,15016.04,179.18,0.349508
2017-09-07T02:30:00,5998.03,27599.97,15021.83,179.49,0.348910
2017-09-07T02:35:00,4619.93,27599.97,15076.44,182.56,0.343143
2017-09-07T02:40:00,5937.06,27599.97,15084.45,183.00,0.342336
2017-09-07T02:45:00,6422.88,27599.97,15075.40,182.45,0.343349
2017-09-07T02:50:00,5717.06,27599.97,15091.73,183.35,0.341720
2017-09-07T02:55:00,5432.59,27599.97,15117.91,184.83,0.339037
2017-09-07T03:00:00,5523.86,27599.97,15140.92,186.14,0.336704
2017-09-07T03:05:00,6467.59,27599.97,15130.14,185.48,0.337890
2017-09-07T03:10:00,5697.86,27599.97,15146.95,186.43,0.336212
2017-09-07T03:15:00,8146.59,27599.97,15074.35,182.33,0.343614
2017-09-07T03:20:00,4726.40,27599.97,15122.08,185.19,0.338327
2017-09-07T03:25:00,5161.20,27599.97,15157.27,187.26,0.334669
2017-09-07T03:30:00,5954.97,27599.97,15165.00,187.67,0.333955
2017-09-07T03:35:00,6029.06,27599.97,15169.89,187.93,0.333516
2017-09-07T03:40:00,4512.60,27599.97,15226.41,191.43,0.327502
2017-09-07T03:45:00,5262.40,27599.97,15257.80,193.38,0.324268
2017-09-07T03:50:00,4761.18,27599.97,15306.16,196.49,0.319210
2017-09-07T03:55:00,5526.13,27599.97,15327.68,197.90,0.316975
2017-09-07T04:00:00,7174.15,27599.97,15290.46,195.51,0.320769
2017-09-07T04:05:00,7094.73,27599.97,15257.86,193.39,0.324256
2017-09-07T04:10:00,5195.97,27599.97,15290.02,195.49,0.320809
2017-09-07T04:15:00,5079.93,27599.97,15326.87,197.90,0.316955
2017-09-07T04:20:00,4776.27,27599.97,15374.15,201.09,0.312015
2017-09-07T04:25:00,5319.13,27599.97,15402.66,203.04,0.309065
2017-09-07T04:30:00,5251.66,27599.97,15433.45,205.19,0.305883
2017-09-07T04:35:00,6380.19,27599.97,15424.89,204.57,0.306794
2017-09-07T04:40:00,5345.19,27599.97,15452.47,206.51,0.303965
2017-09-07T04:45:00,4618.40,27599.97,15504.01,210.33,0.298529
2017-09-07T04:50:00,4664.40,27599.97,15554.18,214.15,0.293283
2017-09-07T04:55:00,6475.26,27599.97,15541.25,213.19,0.294564
2017-09-07T05:00:00,4437.46,27599.97,15598.15,217.71,0.288530
2017-09-07T05:05:00,5364.33,27599.97,15624.26,219.79,0.285842
2017-09-07T05:10:00,5668.73,27599.97,15640.20,221.05,0.284254
2017-09-07T05:15:00,6430.79,27599.97,15629.66,220.16,0.285392
2017-09-07T05:20:00,4729.90,27599.97,15676.28,224.08,0.280462
2017-09-07T05:25:00,5350.35,27599.97,15702.75,226.30,0.277762
2017-09-07T05:30:00,5159.66,27599.97,15735.50,229.12,0.274395
2017-09-07T05:35:00,4285.66,27599.97,15796.50,234.70,0.267943
2017-09-07T05:40:00,6209.07,27599.97,15792.44,234.35,0.268332
2017-09-07T05:45:00,5049.26,27599.97,15828.35,237.69,0.264616
2017-09-07T05:50:00,5653.58,27599.97,15843.91,239.14,0.263051
2017-09-07T05:55:00,7242.42,27599.97,15804.84,235.46,0.267094
2017-09-07T06:00:00,5447.93,27599.97,15827.17,237.53,0.264800
2017-09-07T06:05:00,5661.49,27599.97,15842.67,238.95,0.263266
2017-09-07T06:10:00,4764.31,27599.97,15887.23,243.32,0.258590
2017-09-07T06:15:00,5480.43,27599.97,15908.37,245.40,0.256443
2017-09-07T06:20:00,5910.99,27599.97,15915.11,246.02,0.255813
2017-09-07T06:25:00,5641.99,27599.97,15930.92,247.57,0.254244
2017-09-07T06:30:00,5848.13,27599.97,15939.91,248.42,0.253400
2017-09-07T06:35:00,5233.51,27599.97,15968.97,251.42,0.250419
2017-09-07T06:40:00,5202.60,27599.97,15998.99,254.59,0.247343
2017-09-07T06:45:00,4753.64,27599.97,16043.35,259.50,0.242722
2017-09-07T06:50:00,5380.46,27599.97,16067.06,262.17,0.240294
2017-09-07T06:55:00,7337.73,27599.97,16023.87,257.42,0.244651
2017-09-07T07:00:00,6306.23,27599.97,16017.57,256.61,0.245423
2017-09-07T07:05:00,8111.33,27599.97,15949.82,249.40,0.252420
2017-09-07T07:10:00,4468.25,27599.97,15998.96,255.06,0.246830
2017-09-07T07:15:00,6074.57,27599.97,16000.34,255.11,0.246792
2017-09-07T07:20:00,5598.19,27599.97,16017.24,256.89,0.245117
2017-09-07T07:25:00,5933.81,27599.97,16023.01,257.45,0.244600
2017-09-07T07:30:00,6113.39,27599.97,16023.06,257.36,0.244699
2017-09-07T07:35:00,6680.73,27599.97,16004.36,255.22,0.246737
2017-09-07T07:40:00,5303.79,27599.97,16030.16,258.06,0.244063
2017-09-07T07:45:00,5847.15,27599.97,16038.88,258.94,0.243253
2017-09-07T07:50:00,6674.59,27599.97,16020.35,256.80,0.245263
2017-09-07T07:55:00,5333.97,27599.97,16045.25,259.55,0.242706
2017-09-07T08:00:00,5645.73,27599.97,16060.38,261.18,0.241218
2017-09-07T08:05:00,6841.48,27599.97,16036.21,258.40,0.243788
2017-09-07T08:10:00,5391.19,27599.97,16059.19,260.95,0.241438
2017-09-07T08:15:00,6111.86,27599.97,16059.27,260.86,0.241532
2017-09-07T08:20:00,4687.40,27599.97,16103.94,266.11,0.236820
2017-09-07T08:25:00,5526.80,27599.97,16122.48,268.26,0.234955
2017-09-07T08:30:00,7114.35,27599.97,16088.59,264.28,0.238439
2017-09-07T08:35:00,7612.99,27599.97,16039.23,258.64,0.243581
2017-09-07T08:40:00,5355.93,27599.97,16061.97,261.29,0.241130
2017-09-07T08:45:00,5438.73,27599.97,16083.13,263.69,0.238965
2017-09-07T08:50:00,6467.59,27599.97,16071.66,262.27,0.240250
2017-09-07T08:55:00,5082.08,27599.97,16103.97,266.03,0.236903
2017-09-07T09:00:00,6252.93,27599.97,16099.27,265.40,0.237473
2017-09-07T09:05:00,5610.15,27599.97,16115.18,267.20,0.235900
2017-09-07T09:10:00,7085.10,27599.97,16083.26,263.43,0.239236
2017-09-07T09:15:00,7338.53,27599.97,16043.89,258.88,0.243398
2017-09-07T09:20:00,8169.59,27599.97,15977.43,251.65,0.250294
2017-09-07T09:25:00,6153.26,27599.97,15974.98,251.44,0.250487
2017-09-07T09:30:00,5632.60,27599.97,15989.53,253.01,0.248957
2017-09-07T09:35:00,5540.97,27599.97,16007.65,254.91,0.247131
2017-09-07T09:40:00,6199.26,27599.97,16005.16,254.56,0.247481
2017-09-07T09:45:00,7852.38,27599.97,15948.52,248.65,0.253267
2017-09-07T09:50:00,7100.86,27599.97,15917.84,245.43,0.256557
2017-09-07T09:55:00,6412.39,27599.97,15908.68,244.45,0.257575
2017-09-07T10:00:00,6515.13,27599.97,15896.51,243.17,0.258923
2017-09-07T10:05:00,8430.69,27599.97,15822.03,236.12,0.266529
2017-09-07T10:10:00,7828.46,27599.97,15768.53,231.19,0.272134
2017-09-07T10:15:00,7796.99,27599.97,15716.19,226.57,0.277611
2017-09-07T10:20:00,6432.33,27599.97,15705.77,225.73,0.278619
2017-09-07T10:25:00,6009.13,27599.97,15709.52,226.04,0.278246
2017-09-07T10:30:00,7164.03,27599.97,15677.68,223.29,0.281623
2017-09-07T10:35:00,5954.60,27599.97,15683.67,223.75,0.281064
2017-09-07T10:40:00,5949.33,27599.97,15690.03,224.23,0.280490
2017-09-07T10:45:00,8525.33,27599.97,15613.08,218.08,0.288242
2017-09-07T10:50:00,6581.12,27599.97,15599.80,216.98,0.289686
2017-09-07T10:55:00,6935.26,27599.97,15575.89,215.05,0.292263
2017-09-07T11:00:00,6252.13,27599.97,15572.70,214.78,0.292629
2017-09-07T11:05:00,6191.59,27599.97,15571.94,214.66,0.292799
2017-09-07T11:10:00,7011.93,27599.97,15545.73,212.60,0.295599
2017-09-07T11:15:00,5545.57,27599.97,15564.26,214.01,0.293688
2017-09-07T11:20:00,8867.26,27599.97,15476.71,207.70,0.302411
2017-09-07T11:25:00,5541.46,27599.97,15493.97,209.05,0.300470
2017-09-07T11:30:00,8161.93,27599.97,15431.44,204.59,0.306896
2017-09-07T11:35:00,5494.05,27599.97,15450.14,206.01,0.304795
2017-09-07T11:40:00,7369.01,27599.97,15413.26,203.39,0.308666
2017-09-07T11:45:00,8335.19,27599.97,15345.85,198.84,0.315587
2017-09-07T11:50:00,6131.43,27599.97,15346.63,198.90,0.315489
2017-09-07T11:55:00,8707.79,27599.97,15267.52,193.84,0.323548
2017-09-07T12:00:00,7085.28,27599.97,15239.75,192.10,0.326441
2017-09-07T12:05:00,9106.46,27599.97,15148.68,186.68,0.335702
2017-09-07T12:10:00,5095.26,27599.97,15176.27,188.59,0.332274
2017-09-07T12:15:00,4933.04,27599.97,15212.92,190.87,0.328350
2017-09-07T12:20:00,6918.39,27599.97,15190.73,189.50,0.330684
2017-09-07T12:25:00,7214.33,27599.97,15159.63,187.63,0.333935
2017-09-07T12:30:00,5292.57,27599.97,15186.06,189.23,0.331147
2017-09-07T12:35:00,4842.26,27599.97,15225.82,191.69,0.326960
2017-09-07T12:40:00,5379.79,27599.97,15250.36,193.19,0.324471
2017-09-07T12:45:00,4781.05,27599.97,15292.11,195.86,0.320123
2017-09-07T12:50:00,5013.63,27599.97,15326.89,198.14,0.316517
2017-09-07T12:55:00,5291.53,27599.97,15353.41,199.89,0.313791
2017-09-07T13:00:00,4462.00,27599.97,15403.81,203.37,0.308498
2017-09-07T13:05:00,4586.20,27599.97,15450.52,206.70,0.303612
2017-09-07T13:10:00,5897.19,27599.97,15458.08,207.25,0.302808
2017-09-07T13:15:00,4567.80,27599.97,15504.95,210.72,0.297894
2017-09-07T13:20:00,4771.30,27599.97,15545.92,213.83,0.293628
2017-09-07T13:25:00,4842.26,27599.97,15584.78,216.86,0.289599
2017-09-07T13:30:00,4489.60,27599.97,15633.42,220.80,0.284500
2017-09-07T13:35:00,5932.46,27599.97,15639.31,221.30,0.283861
2017-09-07T13:40:00,7016.53,27599.97,15612.84,219.18,0.286554
2017-09-07T13:45:00,6330.88,27599.97,15608.24,218.75,0.287131
2017-09-07T13:50:00,4938.86,27599.97,15643.10,221.63,0.283441
2017-09-07T13:55:00,5645.73,27599.97,15658.46,222.85,0.281928
2017-09-07T14:00:00,4377.66,27599.97,15709.54,227.24,0.276547
2017-09-07T14:05:00,8907.25,27599.97,15620.36,220.30,0.285004
2017-09-07T14:10:00,8286.13,27599.97,15557.02,215.28,0.291533
2017-09-07T14:15:00,11732.93,27599.97,15381.59,203.11,0.308517
2017-09-07T14:20:00,8488.53,27599.97,15309.93,198.45,0.315574
2017-09-07T14:25:00,8940.37,27599.97,15226.55,193.19,0.323970
2017-09-07T14:30:00,8775.26,27599.97,15148.23,188.51,0.331829
2017-09-07T14:35:00,9381.78,27599.97,15052.84,183.06,0.341488
2017-09-07T14:40:00,8730.79,27599.97,14977.32,178.95,0.349139
2017-09-07T14:45:00,9075.24,27599.97,14891.93,174.52,0.357795
2017-09-07T14:50:00,9002.19,27599.97,14808.99,170.42,0.366193
2017-09-07T14:55:00,7133.06,27599.97,14780.50,169.10,0.368933
2017-09-07T15:00:00,6022.93,27599.97,14784.66,169.37,0.368327
2017-09-07T15:05:00,8576.97,27599.97,14715.13,166.11,0.375382
2017-09-07T15:10:00,10370.60,27599.97,14589.79,160.64,0.387777
2017-09-07T15:15:00,11286.86,27599.97,14437.67,154.44,0.402857
2017-09-07T15:20:00,9638.52,27599.97,14335.90,150.54,0.412951
2017-09-07T15:25:00,9595.04,27599.97,14235.80,146.89,0.422872
2017-09-07T15:30:00,9741.26,27599.97,14132.24,143.28,0.433184
2017-09-07T15:35:00,9488.26,27599.97,14037.34,140.10,0.442700
2017-09-07T15:40:00,9429.99,27599.97,13944.70,137.12,0.452001
2017-09-07T15:45:00,9492.55,27599.97,13850.67,134.22,0.461447
2017-09-07T15:50:00,9661.09,27599.97,13752.11,131.30,0.471350
2017-09-07T15:55:00,10360.72,27599.97,13632.77,127.94,0.483280
2017-09-07T16:00:00,9232.93,27599.97,13546.99,125.64,0.491828
2017-09-07T16:05:00,7485.73,27599.97,13510.95,124.74,0.495187
2017-09-07T16:10:00,4706.72,27599.97,13550.44,125.95,0.490347
2017-09-07T16:15:00,5450.99,27599.97,13576.03,126.65,0.487715
2017-09-07T16:20:00,5578.69,27599.97,13598.16,127.26,0.485468
2017-09-07T16:25:00,5625.79,27599.97,13618.69,127.83,0.483366
2017-09-07T16:30:00,5245.28,27599.97,13649.78,128.70,0.480158
2017-09-07T16:35:00,4659.80,27599.97,13696.63,130.07,0.475250
2017-09-07T16:40:00,5244.55,27599.97,13727.32,130.97,0.472069
2017-09-07T16:45:00,4664.21,27599.97,13773.75,132.36,0.467207
2017-09-07T16:50:00,5231.12,27599.97,13804.36,133.30,0.464015
2017-09-07T16:55:00,10709.53,27599.97,13665.27,129.52,0.476764
2017-09-07T17:00:00,8729.26,27599.97,13598.04,127.61,0.483709
2017-09-07T17:05:00,5769.93,27599.97,13610.24,128.03,0.482042
2017-09-07T17:10:00,5377.03,27599.97,13635.55,128.79,0.479244
2017-09-07T17:15:00,4595.40,27599.97,13683.39,130.19,0.474195
2017-09-07T17:20:00,6455.08,27599.97,13679.71,130.09,0.474536
2017-09-07T17:25:00,5812.86,27599.97,13694.82,130.52,0.473023
2017-09-07T17:30:00,4939.66,27599.97,13733.35,131.67,0.469000
2017-09-07T17:35:00,5900.26,27599.97,13745.82,132.03,0.467754
2017-09-07T17:40:00,5781.09,27599.97,13761.59,132.50,0.466170
2017-09-07T17:45:00,6185.46,27599.97,13766.14,132.63,0.465751
2017-09-07T17:50:00,5103.60,27599.97,13799.97,133.66,0.462235
2017-09-07T17:55:00,6372.65,27599.97,13799.10,133.63,0.462360
2017-09-07T18:00:00,6964.39,27599.97,13781.91,133.09,0.464174
2017-09-07T18:05:00,5680.99,27599.97,13800.09,133.64,0.462319
2017-09-07T18:10:00,5802.07,27599.97,13815.17,134.09,0.460815
2017-09-07T18:15:00,4676.72,27599.97,13859.85,135.51,0.456115
2017-09-07T18:20:00,4716.28,27599.97,13903.66,136.91,0.451546
2017-09-07T18:25:00,7772.46,27599.97,13860.67,135.62,0.455662
2017-09-07T18:30:00,6768.13,27599.97,13849.29,135.24,0.456915
2017-09-07T18:35:00,6564.19,27599.97,13843.57,135.05,0.457586
2017-09-07T18:40:00,5454.31,27599.97,13867.08,135.80,0.455117
2017-09-07T18:45:00,6663.86,27599.97,13858.44,135.51,0.456069
2017-09-07T18:50:00,5528.09,27599.97,13880.46,136.20,0.453816
2017-09-07T18:55:00,5941.72,27599.97,13891.51,136.54,0.452735
2017-09-07T19:00:00,4871.40,27599.97,13930.61,137.81,0.448650
2017-09-07T19:05:00,4674.33,27599.97,13974.89,139.28,0.444029
2017-09-07T19:10:00,5662.59,27599.97,13992.69,139.87,0.442193
2017-09-07T19:15:00,5130.53,27599.97,14024.78,140.96,0.438875
2017-09-07T19:20:00,6311.01,27599.97,14024.87,140.96,0.438867
2017-09-07T19:25:00,5636.53,27599.97,14043.63,141.59,0.436977
2017-09-07T19:30:00,4656.73,27599.97,14087.60,143.13,0.432363
2017-09-07T19:35:00,4947.94,27599.97,14124.21,144.43,0.428577
2017-09-07T19:40:00,5115.20,27599.97,14156.18,145.58,0.425270
2017-09-07T19:45:00,4423.66,27599.97,14205.86,147.42,0.420057
2017-09-07T19:50:00,7300.56,27599.97,14176.55,146.41,0.422835
2017-09-07T19:55:00,5168.86,27599.97,14206.79,147.53,0.419702
2017-09-07T20:00:00,4403.12,27599.97,14256.41,149.43,0.414464
2017-09-07T20:05:00,4941.50,27599.97,14292.60,150.82,0.410733
2017-09-07T20:10:00,6175.40,27599.97,14295.30,150.94,0.410416
2017-09-07T20:15:00,8782.92,27599.97,14224.49,148.36,0.417276
2017-09-07T20:20:00,4650.60,27599.97,14265.09,150.00,0.412749
2017-09-07T20:25:00,4692.00,27599.97,14306.86,151.65,0.408352
2017-09-07T20:30:00,5526.13,27599.97,14327.66,152.45,0.406259
2017-09-07T20:35:00,6014.95,27599.97,14335.04,152.74,0.405512
