ESO-ST-XL - Memory|HA Total Capacity (KB)

Date & Time,Value,Low DT,High DT,Smooth,
2017-09-02T17:21+0000,1.593555584E9,-,-,-,
2017-09-02T17:26+0000,1.593555584E9,-,-,-,
2017-09-02T17:31+0000,1.593555584E9,-,-,-,
2017-09-02T17:36+0000,1.593555584E9,-,-,-,
2017-09-02T17:41+0000,1.593555584E9,-,-,-,
2017-09-02T17:46+0000,1.593555584E9,-,-,-,
2017-09-02T17:51+0000,1.593555584E9,-,-,-,
2017-09-02T17:56+0000,1.593555584E9,-,-,-,
2017-09-02T18:28+0000,1.593555584E9,-,-,-,
2017-09-02T18:33+0000,1.593555584E9,-,-,-,
2017-09-02T18:38+0000,1.593555584E9,-,-,-,
2017-09-02T18:43+0000,1.593555584E9,-,-,-,
2017-09-02T18:48+0000,1.593555584E9,-,-,-,
2017-09-02T18:53+0000,1.593555584E9,-,-,-,
2017-09-02T18:58+0000,1.593555584E9,-,-,-,
2017-09-02T19:03+0000,1.593555584E9,-,-,-,
2017-09-02T19:08+0000,1.593555584E9,-,-,-,
2017-09-02T19:13+0000,1.593555584E9,-,-,-,
2017-09-02T19:18+0000,1.593555584E9,-,-,-,
2017-09-02T19:23+0000,1.593555584E9,-,-,-,
2017-09-02T19:28+0000,1.593555584E9,-,-,-,
2017-09-02T19:33+0000,1.593555584E9,-,-,-,
2017-09-02T19:38+0000,1.593555584E9,-,-,-,
2017-09-02T19:43+0000,1.593555584E9,-,-,-,
2017-09-02T19:48+0000,1.593555584E9,-,-,-,
2017-09-02T19:53+0000,1.593555584E9,-,-,-,
2017-09-02T19:58+0000,1.593555584E9,-,-,-,
2017-09-02T20:03+0000,1.593555584E9,-,-,-,
2017-09-02T20:08+0000,1.593555584E9,-,-,-,
2017-09-02T20:13+0000,1.593555584E9,-,-,-,
2017-09-02T20:18+0000,1.593555584E9,-,-,-,
2017-09-02T20:23+0000,1.593555584E9,-,-,-,
2017-09-02T20:28+0000,1.593555584E9,-,-,-,
2017-09-02T20:33+0000,1.593555584E9,-,-,-,
2017-09-02T20:38+0000,1.593555584E9,-,-,-,
2017-09-02T20:43+0000,1.593555584E9,-,-,-,
2017-09-02T20:48+0000,1.593555584E9,-,-,-,
2017-09-02T20:53+0000,1.593555584E9,-,-,-,
2017-09-02T20:58+0000,1.593555584E9,-,-,-,
2017-09-02T21:03+0000,1.593555584E9,-,-,-,
2017-09-02T21:08+0000,1.593555584E9,-,-,-,
2017-09-02T21:13+0000,1.593555584E9,-,-,-,
2017-09-02T21:18+0000,1.593555584E9,-,-,-,
2017-09-02T21:23+0000,1.593555584E9,-,-,-,
2017-09-02T21:28+0000,1.593555584E9,-,-,-,
2017-09-02T21:33+0000,1.593555584E9,-,-,-,
2017-09-02T21:38+0000,1.593555584E9,-,-,-,
2017-09-02T21:43+0000,1.593555584E9,-,-,-,
2017-09-02T21:48+0000,1.593555584E9,-,-,-,
2017-09-02T21:53+0000,1.593555584E9,-,-,-,
2017-09-02T21:58+0000,1.593555584E9,-,-,-,
2017-09-02T22:03+0000,1.593555584E9,-,-,-,
2017-09-02T22:08+0000,1.593555584E9,-,-,-,
2017-09-02T22:13+0000,1.593555584E9,-,-,-,
2017-09-02T22:18+0000,1.593555584E9,-,-,-,
2017-09-02T22:23+0000,1.593555584E9,-,-,-,
2017-09-02T22:28+0000,1.593555584E9,-,-,-,
2017-09-02T22:33+0000,1.593555584E9,-,-,-,
2017-09-02T22:38+0000,1.593555584E9,-,-,-,
2017-09-02T22:43+0000,1.593555584E9,-,-,-,
2017-09-02T22:48+0000,1.593555584E9,-,-,-,
2017-09-02T22:53+0000,1.593555584E9,-,-,-,
2017-09-02T22:58+0000,1.593555584E9,-,-,-,
2017-09-02T23:03+0000,1.593555584E9,-,-,-,
2017-09-02T23:08+0000,1.593555584E9,-,-,-,
2017-09-02T23:13+0000,1.593555584E9,-,-,-,
2017-09-02T23:18+0000,1.593555584E9,-,-,-,
2017-09-02T23:23+0000,1.593555584E9,-,-,-,
2017-09-02T23:28+0000,1.593555584E9,-,-,-,
2017-09-02T23:33+0000,1.593555584E9,-,-,-,
2017-09-02T23:38+0000,1.593555584E9,-,-,-,
2017-09-02T23:43+0000,1.593555584E9,-,-,-,
2017-09-02T23:48+0000,1.593555584E9,-,-,-,
2017-09-02T23:53+0000,1.593555584E9,-,-,-,
2017-09-02T23:58+0000,1.593555584E9,-,-,-,
2017-09-03T00:03+0000,1.593555584E9,-,-,-,
2017-09-03T00:08+0000,1.593555584E9,-,-,-,
2017-09-03T00:13+0000,1.593555584E9,-,-,-,
2017-09-03T00:18+0000,1.593555584E9,-,-,-,
2017-09-03T00:23+0000,1.593555584E9,-,-,-,
2017-09-03T00:28+0000,1.593555584E9,-,-,-,
2017-09-03T00:33+0000,1.593555584E9,-,-,-,
2017-09-03T00:38+0000,1.593555584E9,-,-,-,
2017-09-03T00:43+0000,1.593555584E9,-,-,-,
2017-09-03T00:48+0000,1.593555584E9,-,-,-,
2017-09-03T00:53+0000,1.593555584E9,-,-,-,
2017-09-03T00:58+0000,1.593555584E9,-,-,-,
2017-09-03T01:03+0000,1.593555584E9,-,-,-,
2017-09-03T01:08+0000,1.593555584E9,-,-,-,
2017-09-03T01:13+0000,1.593555584E9,-,-,-,
2017-09-03T01:18+0000,1.593555584E9,-,-,-,
2017-09-03T01:23+0000,1.593555584E9,-,-,-,
2017-09-03T01:28+0000,1.593555584E9,-,-,-,
2017-09-03T01:33+0000,1.593555584E9,-,-,-,
2017-09-03T01:38+0000,1.593555584E9,-,-,-,
2017-09-03T01:43+0000,1.593555584E9,-,-,-,
2017-09-03T01:48+0000,1.593555584E9,-,-,-,
2017-09-03T01:53+0000,1.593555584E9,-,-,-,
2017-09-03T01:58+0000,1.593555584E9,-,-,-,
2017-09-03T02:03+0000,1.593555584E9,-,-,-,
2017-09-03T02:08+0000,1.593555584E9,-,-,-,
2017-09-03T02:13+0000,1.593555584E9,-,-,-,
2017-09-03T02:18+0000,1.593555584E9,-,-,-,
2017-09-03T02:23+0000,1.593555584E9,-,-,-,
2017-09-03T02:28+0000,1.593555584E9,-,-,-,
2017-09-03T02:33+0000,1.593555584E9,-,-,-,
2017-09-03T02:38+0000,1.593555584E9,-,-,-,
2017-09-03T02:43+0000,1.593555584E9,-,-,-,
2017-09-03T02:48+0000,1.593555584E9,-,-,-,
2017-09-03T02:53+0000,1.593555584E9,-,-,-,
2017-09-03T02:58+0000,1.593555584E9,-,-,-,
2017-09-03T03:03+0000,1.593555584E9,-,-,-,
2017-09-03T03:08+0000,1.593555584E9,-,-,-,
2017-09-03T03:13+0000,1.593555584E9,-,-,-,
2017-09-03T03:18+0000,1.593555584E9,-,-,-,
2017-09-03T03:23+0000,1.593555584E9,-,-,-,
2017-09-03T03:28+0000,1.593555584E9,-,-,-,
2017-09-03T03:33+0000,1.593555584E9,-,-,-,
2017-09-03T03:38+0000,1.593555584E9,-,-,-,
2017-09-03T03:43+0000,1.593555584E9,-,-,-,
2017-09-03T03:48+0000,1.593555584E9,-,-,-,
2017-09-03T03:53+0000,1.593555584E9,-,-,-,
2017-09-03T03:58+0000,1.593555584E9,-,-,-,
2017-09-03T04:03+0000,1.593555584E9,-,-,-,
2017-09-03T04:08+0000,1.593555584E9,-,-,-,
2017-09-03T04:13+0000,1.593555584E9,-,-,-,
2017-09-03T04:18+0000,1.593555584E9,-,-,-,
2017-09-03T04:23+0000,1.593555584E9,-,-,-,
2017-09-03T04:28+0000,1.593555584E9,-,-,-,
2017-09-03T04:33+0000,1.593555584E9,-,-,-,
2017-09-03T04:38+0000,1.593555584E9,-,-,-,
2017-09-03T04:43+0000,1.593555584E9,-,-,-,
2017-09-03T04:48+0000,1.593555584E9,-,-,-,
2017-09-03T04:53+0000,1.593555584E9,-,-,-,
2017-09-03T04:58+0000,1.593555584E9,-,-,-,
2017-09-03T05:03+0000,1.593555584E9,-,-,-,
2017-09-03T05:08+0000,1.593555584E9,-,-,-,
2017-09-03T05:13+0000,1.593555584E9,-,-,-,
2017-09-03T05:18+0000,1.593555584E9,-,-,-,
2017-09-03T05:23+0000,1.593555584E9,-,-,-,
2017-09-03T05:28+0000,1.593555584E9,-,-,-,
2017-09-03T05:33+0000,1.593555584E9,-,-,-,
2017-09-03T05:38+0000,1.593555584E9,-,-,-,
2017-09-03T05:43+0000,1.593555584E9,-,-,-,
2017-09-03T05:48+0000,1.593555584E9,-,-,-,
2017-09-03T05:53+0000,1.593555584E9,-,-,-,
2017-09-03T05:58+0000,1.593555584E9,-,-,-,
2017-09-03T06:03+0000,1.593555584E9,-,-,-,
2017-09-03T06:08+0000,1.593555584E9,-,-,-,
2017-09-03T06:13+0000,1.593555584E9,-,-,-,
2017-09-03T06:18+0000,1.593555584E9,-,-,-,
2017-09-03T06:23+0000,1.593555584E9,-,-,-,
2017-09-03T06:28+0000,1.593555584E9,-,-,-,
2017-09-03T06:33+0000,1.593555584E9,-,-,-,
2017-09-03T06:38+0000,1.593555584E9,-,-,-,
2017-09-03T06:43+0000,1.593555584E9,-,-,-,
2017-09-03T06:48+0000,1.593555584E9,-,-,-,
2017-09-03T06:53+0000,1.593555584E9,-,-,-,
2017-09-03T06:58+0000,1.593555584E9,-,-,-,
2017-09-03T07:03+0000,1.593555584E9,-,-,-,
2017-09-03T07:08+0000,1.593555584E9,-,-,-,
2017-09-03T07:13+0000,1.593555584E9,-,-,-,
2017-09-03T07:18+0000,1.593555584E9,-,-,-,
2017-09-03T07:23+0000,1.593555584E9,-,-,-,
2017-09-03T07:28+0000,1.593555584E9,-,-,-,
2017-09-03T07:33+0000,1.593555584E9,-,-,-,
2017-09-03T07:38+0000,1.593555584E9,-,-,-,
2017-09-03T07:43+0000,1.593555584E9,-,-,-,
2017-09-03T07:48+0000,1.593555584E9,-,-,-,
2017-09-03T07:53+0000,1.593555584E9,-,-,-,
2017-09-03T07:58+0000,1.593555584E9,-,-,-,
2017-09-03T08:03+0000,1.593555584E9,-,-,-,
2017-09-03T08:08+0000,1.593555584E9,-,-,-,
2017-09-03T08:13+0000,1.593555584E9,-,-,-,
2017-09-03T08:18+0000,1.593555584E9,-,-,-,
2017-09-03T08:23+0000,1.593555584E9,-,-,-,
2017-09-03T08:28+0000,1.593555584E9,-,-,-,
2017-09-03T08:33+0000,1.593555584E9,-,-,-,
2017-09-03T08:38+0000,1.593555584E9,-,-,-,
2017-09-03T08:43+0000,1.593555584E9,-,-,-,
2017-09-03T08:48+0000,1.593555584E9,-,-,-,
2017-09-03T08:53+0000,1.593555584E9,-,-,-,
2017-09-03T08:58+0000,1.593555584E9,-,-,-,
2017-09-03T09:03+0000,1.593555584E9,-,-,-,
2017-09-03T09:08+0000,1.593555584E9,-,-,-,
2017-09-03T09:13+0000,1.593555584E9,-,-,-,
2017-09-03T09:18+0000,1.593555584E9,-,-,-,
2017-09-03T09:23+0000,1.593555584E9,-,-,-,
2017-09-03T09:28+0000,1.593555584E9,-,-,-,
2017-09-03T09:33+0000,1.593555584E9,-,-,-,
2017-09-03T09:38+0000,1.593555584E9,-,-,-,
2017-09-03T09:43+0000,1.593555584E9,-,-,-,
2017-09-03T09:48+0000,1.593555584E9,-,-,-,
2017-09-03T09:53+0000,1.593555584E9,-,-,-,
2017-09-03T09:58+0000,1.593555584E9,-,-,-,
2017-09-03T10:03+0000,1.593555584E9,-,-,-,
2017-09-03T10:08+0000,1.593555584E9,-,-,-,
2017-09-03T10:13+0000,1.593555584E9,-,-,-,
2017-09-03T10:18+0000,1.593555584E9,-,-,-,
2017-09-03T10:23+0000,1.593555584E9,-,-,-,
2017-09-03T10:28+0000,1.593555584E9,-,-,-,
2017-09-03T10:33+0000,1.593555584E9,-,-,-,
2017-09-03T10:38+0000,1.593555584E9,-,-,-,
2017-09-03T10:43+0000,1.593555584E9,-,-,-,
2017-09-03T10:48+0000,1.593555584E9,-,-,-,
2017-09-03T10:53+0000,1.593555584E9,-,-,-,
2017-09-03T10:58+0000,1.593555584E9,-,-,-,
2017-09-03T11:03+0000,1.593555584E9,-,-,-,
2017-09-03T11:08+0000,1.593555584E9,-,-,-,
2017-09-03T11:13+0000,1.593555584E9,-,-,-,
2017-09-03T11:18+0000,1.593555584E9,-,-,-,
2017-09-03T11:23+0000,1.593555584E9,-,-,-,
2017-09-03T11:28+0000,1.593555584E9,-,-,-,
2017-09-03T11:33+0000,1.593555584E9,-,-,-,
2017-09-03T11:38+0000,1.593555584E9,-,-,-,
2017-09-03T11:43+0000,1.593555584E9,-,-,-,
2017-09-03T11:48+0000,1.593555584E9,-,-,-,
2017-09-03T11:53+0000,1.593555584E9,-,-,-,
2017-09-03T11:58+0000,1.593555584E9,-,-,-,
2017-09-03T12:03+0000,1.593555584E9,-,-,-,
2017-09-03T12:08+0000,1.593555584E9,-,-,-,
2017-09-03T12:13+0000,1.593555584E9,-,-,-,
2017-09-03T12:18+0000,1.593555584E9,-,-,-,
2017-09-03T12:23+0000,1.593555584E9,-,-,-,
2017-09-03T12:28+0000,1.593555584E9,-,-,-,
2017-09-03T12:33+0000,1.593555584E9,-,-,-,
2017-09-03T12:38+0000,1.593555584E9,-,-,-,
2017-09-03T12:43+0000,1.593555584E9,-,-,-,
2017-09-03T12:48+0000,1.593555584E9,-,-,-,
2017-09-03T12:53+0000,1.593555584E9,-,-,-,
2017-09-03T12:58+0000,1.593555584E9,-,-,-,
2017-09-03T13:03+0000,1.593555584E9,-,-,-,
2017-09-03T13:08+0000,1.593555584E9,-,-,-,
2017-09-03T13:13+0000,1.593555584E9,-,-,-,
2017-09-03T13:18+0000,1.593555584E9,-,-,-,
2017-09-03T13:23+0000,1.593555584E9,-,-,-,
2017-09-03T13:28+0000,1.593555584E9,-,-,-,
2017-09-03T13:33+0000,1.593555584E9,-,-,-,
2017-09-03T13:38+0000,1.593555584E9,-,-,-,
2017-09-03T13:43+0000,1.593555584E9,-,-,-,
2017-09-03T13:48+0000,1.593555584E9,-,-,-,
2017-09-03T13:53+0000,1.593555584E9,-,-,-,
2017-09-03T13:58+0000,1.593555584E9,-,-,-,
2017-09-03T14:03+0000,1.593555584E9,-,-,-,
2017-09-03T14:08+0000,1.593555584E9,-,-,-,
2017-09-03T14:13+0000,1.593555584E9,-,-,-,
2017-09-03T14:18+0000,1.593555584E9,-,-,-,
2017-09-03T14:23+0000,1.593555584E9,-,-,-,
2017-09-03T14:28+0000,1.593555584E9,-,-,-,
2017-09-03T14:33+0000,1.593555584E9,-,-,-,
2017-09-03T14:38+0000,1.593555584E9,-,-,-,
2017-09-03T14:43+0000,1.593555584E9,-,-,-,
2017-09-03T14:48+0000,1.593555584E9,-,-,-,
2017-09-03T14:53+0000,1.593555584E9,-,-,-,
2017-09-03T14:58+0000,1.593555584E9,-,-,-,
2017-09-03T15:03+0000,1.593555584E9,-,-,-,
2017-09-03T15:08+0000,1.593555584E9,-,-,-,
2017-09-03T15:13+0000,1.593555584E9,-,-,-,
2017-09-03T15:18+0000,1.593555584E9,-,-,-,
2017-09-03T15:23+0000,1.593555584E9,-,-,-,
2017-09-03T15:28+0000,1.593555584E9,-,-,-,
2017-09-03T15:33+0000,1.593555584E9,-,-,-,
2017-09-03T15:38+0000,1.593555584E9,-,-,-,
2017-09-03T15:43+0000,1.593555584E9,-,-,-,
2017-09-03T15:48+0000,1.593555584E9,-,-,-,
2017-09-03T15:53+0000,1.593555584E9,-,-,-,
2017-09-03T15:58+0000,1.593555584E9,-,-,-,
2017-09-03T16:03+0000,1.593555584E9,-,-,-,
2017-09-03T16:08+0000,1.593555584E9,-,-,-,
2017-09-03T16:13+0000,1.593555584E9,-,-,-,
2017-09-03T16:18+0000,1.593555584E9,-,-,-,
2017-09-03T16:23+0000,1.593555584E9,-,-,-,
2017-09-03T16:28+0000,1.593555584E9,-,-,-,
2017-09-03T16:33+0000,1.593555584E9,-,-,-,
2017-09-03T16:38+0000,1.593555584E9,-,-,-,
2017-09-03T16:43+0000,1.593555584E9,-,-,-,
2017-09-03T16:48+0000,1.593555584E9,-,-,-,
2017-09-03T16:53+0000,1.593555584E9,-,-,-,
2017-09-03T16:58+0000,1.593555584E9,-,-,-,
2017-09-03T17:03+0000,1.593555584E9,-,-,-,
2017-09-03T17:08+0000,1.593555584E9,-,-,-,
2017-09-03T17:13+0000,1.593555584E9,-,-,-,
2017-09-03T17:18+0000,1.593555584E9,-,-,-,
2017-09-03T17:23+0000,1.593555584E9,-,-,-,
2017-09-03T17:28+0000,1.593555584E9,-,-,-,
2017-09-03T17:33+0000,1.593555584E9,-,-,-,
2017-09-03T17:38+0000,1.593555584E9,-,-,-,
2017-09-03T17:43+0000,1.593555584E9,-,-,-,
2017-09-03T17:48+0000,1.593555584E9,-,-,-,
2017-09-03T17:53+0000,1.593555584E9,-,-,-,
2017-09-03T17:58+0000,1.593555584E9,-,-,-,
2017-09-03T18:03+0000,1.593555584E9,-,-,-,
2017-09-03T18:08+0000,1.593555584E9,-,-,-,
2017-09-03T18:13+0000,1.593555584E9,-,-,-,
2017-09-03T18:18+0000,1.593555584E9,-,-,-,
2017-09-03T18:23+0000,1.593555584E9,-,-,-,
2017-09-03T18:28+0000,1.593555584E9,-,-,-,
2017-09-03T18:33+0000,1.593555584E9,-,-,-,
2017-09-03T18:38+0000,1.593555584E9,-,-,-,
2017-09-03T18:43+0000,1.593555584E9,-,-,-,
2017-09-03T18:48+0000,1.593555584E9,-,-,-,
2017-09-03T18:53+0000,1.593555584E9,-,-,-,
2017-09-03T18:58+0000,1.593555584E9,-,-,-,
2017-09-03T19:03+0000,1.593555584E9,-,-,-,
2017-09-03T19:08+0000,1.593555584E9,-,-,-,
2017-09-03T19:13+0000,1.593555584E9,-,-,-,
2017-09-03T19:18+0000,1.593555584E9,-,-,-,
2017-09-03T19:23+0000,1.593555584E9,-,-,-,
2017-09-03T19:28+0000,1.593555584E9,-,-,-,
2017-09-03T19:33+0000,1.593555584E9,-,-,-,
2017-09-03T19:38+0000,1.593555584E9,-,-,-,
2017-09-03T19:43+0000,1.593555584E9,-,-,-,
2017-09-03T19:48+0000,1.593555584E9,-,-,-,
2017-09-03T19:53+0000,1.593555584E9,-,-,-,
2017-09-03T19:58+0000,1.593555584E9,-,-,-,
2017-09-03T20:03+0000,1.593555584E9,-,-,-,
2017-09-03T20:08+0000,1.593555584E9,-,-,-,
2017-09-03T20:13+0000,1.593555584E9,-,-,-,
2017-09-03T20:18+0000,1.593555584E9,-,-,-,
2017-09-03T20:23+0000,1.593555584E9,-,-,-,
2017-09-03T20:28+0000,1.593555584E9,-,-,-,
2017-09-03T20:33+0000,1.593555584E9,-,-,-,
2017-09-03T20:38+0000,1.593555584E9,-,-,-,
2017-09-03T20:43+0000,1.593555584E9,-,-,-,
2017-09-03T20:48+0000,1.593555584E9,-,-,-,
2017-09-03T20:53+0000,1.593555584E9,-,-,-,
2017-09-03T20:58+0000,1.593555584E9,-,-,-,
2017-09-03T21:03+0000,1.593555584E9,-,-,-,
2017-09-03T21:08+0000,1.593555584E9,-,-,-,
2017-09-03T21:13+0000,1.593555584E9,-,-,-,
2017-09-03T21:18+0000,1.593555584E9,-,-,-,
2017-09-03T21:23+0000,1.593555584E9,-,-,-,
2017-09-03T21:28+0000,1.593555584E9,-,-,-,
2017-09-03T21:33+0000,1.593555584E9,-,-,-,
2017-09-03T21:38+0000,1.593555584E9,-,-,-,
2017-09-03T21:43+0000,1.593555584E9,-,-,-,
2017-09-03T21:48+0000,1.593555584E9,-,-,-,
2017-09-03T21:53+0000,1.593555584E9,-,-,-,
2017-09-03T21:58+0000,1.593555584E9,-,-,-,
2017-09-03T22:03+0000,1.593555584E9,-,-,-,
2017-09-03T22:08+0000,1.593555584E9,-,-,-,
2017-09-03T22:13+0000,1.593555584E9,-,-,-,
2017-09-03T22:18+0000,1.593555584E9,-,-,-,
2017-09-03T22:23+0000,1.593555584E9,-,-,-,
2017-09-03T22:28+0000,1.593555584E9,-,-,-,
2017-09-03T22:33+0000,1.593555584E9,-,-,-,
2017-09-03T22:38+0000,1.593555584E9,-,-,-,
2017-09-03T22:43+0000,1.593555584E9,-,-,-,
2017-09-03T22:48+0000,1.593555584E9,-,-,-,
2017-09-03T22:53+0000,1.593555584E9,-,-,-,
2017-09-03T22:58+0000,1.593555584E9,-,-,-,
2017-09-03T23:03+0000,1.593555584E9,-,-,-,
2017-09-03T23:08+0000,1.593555584E9,-,-,-,
2017-09-03T23:13+0000,1.593555584E9,-,-,-,
2017-09-03T23:18+0000,1.593555584E9,-,-,-,
2017-09-03T23:23+0000,1.593555584E9,-,-,-,
2017-09-03T23:28+0000,1.593555584E9,-,-,-,
2017-09-03T23:33+0000,1.593555584E9,-,-,-,
2017-09-03T23:38+0000,1.593555584E9,-,-,-,
2017-09-03T23:43+0000,1.593555584E9,-,-,-,
2017-09-03T23:48+0000,1.593555584E9,-,-,-,
2017-09-03T23:53+0000,1.593555584E9,-,-,-,
2017-09-03T23:58+0000,1.593555584E9,-,-,-,
2017-09-04T00:03+0000,1.593555584E9,-,-,-,
2017-09-04T00:08+0000,1.593555584E9,-,-,-,
2017-09-04T00:13+0000,1.593555584E9,-,-,-,
2017-09-04T00:18+0000,1.593555584E9,-,-,-,
2017-09-04T00:23+0000,1.593555584E9,-,-,-,
2017-09-04T00:28+0000,1.593555584E9,-,-,-,
2017-09-04T00:33+0000,1.593555584E9,-,-,-,
2017-09-04T00:38+0000,1.593555584E9,-,-,-,
2017-09-04T00:43+0000,1.593555584E9,-,-,-,
2017-09-04T00:48+0000,1.593555584E9,-,-,-,
2017-09-04T00:53+0000,1.593555584E9,-,-,-,
2017-09-04T00:58+0000,1.593555584E9,-,-,-,
2017-09-04T01:03+0000,1.593555584E9,-,-,-,
2017-09-04T01:08+0000,1.593555584E9,-,-,-,
2017-09-04T01:13+0000,1.593555584E9,-,-,-,
2017-09-04T01:18+0000,1.593555584E9,-,-,-,
2017-09-04T01:23+0000,1.593555584E9,-,-,-,
2017-09-04T01:28+0000,1.593555584E9,-,-,-,
2017-09-04T01:33+0000,1.593555584E9,-,-,-,
2017-09-04T01:38+0000,1.593555584E9,-,-,-,
2017-09-04T01:43+0000,1.593555584E9,-,-,-,
2017-09-04T01:48+0000,1.593555584E9,-,-,-,
2017-09-04T01:53+0000,1.593555584E9,-,-,-,
2017-09-04T01:58+0000,1.593555584E9,-,-,-,
2017-09-04T02:03+0000,1.593555584E9,-,-,-,
2017-09-04T02:08+0000,1.593555584E9,-,-,-,
2017-09-04T02:13+0000,1.593555584E9,-,-,-,
2017-09-04T02:18+0000,1.593555584E9,-,-,-,
2017-09-04T02:23+0000,1.593555584E9,-,-,-,
2017-09-04T02:28+0000,1.593555584E9,-,-,-,
2017-09-04T02:33+0000,1.593555584E9,-,-,-,
2017-09-04T02:38+0000,1.593555584E9,-,-,-,
2017-09-04T02:43+0000,1.593555584E9,-,-,-,
2017-09-04T02:48+0000,1.593555584E9,-,-,-,
2017-09-04T02:53+0000,1.593555584E9,-,-,-,
2017-09-04T02:58+0000,1.593555584E9,-,-,-,
2017-09-04T03:03+0000,1.593555584E9,-,-,-,
2017-09-04T03:08+0000,1.593555584E9,-,-,-,
2017-09-04T03:13+0000,1.593555584E9,-,-,-,
2017-09-04T03:18+0000,1.593555584E9,-,-,-,
2017-09-04T03:23+0000,1.593555584E9,-,-,-,
2017-09-04T03:28+0000,1.593555584E9,-,-,-,
2017-09-04T03:33+0000,1.593555584E9,-,-,-,
2017-09-04T03:38+0000,1.593555584E9,-,-,-,
2017-09-04T03:43+0000,1.593555584E9,-,-,-,
2017-09-04T03:48+0000,1.593555584E9,-,-,-,
2017-09-04T03:53+0000,1.593555584E9,-,-,-,
2017-09-04T03:58+0000,1.593555584E9,-,-,-,
2017-09-04T04:03+0000,1.593555584E9,-,-,-,
2017-09-04T04:08+0000,1.593555584E9,-,-,-,
2017-09-04T04:13+0000,1.593555584E9,-,-,-,
2017-09-04T04:18+0000,1.593555584E9,-,-,-,
2017-09-04T04:23+0000,1.593555584E9,-,-,-,
2017-09-04T04:28+0000,1.593555584E9,-,-,-,
2017-09-04T04:33+0000,1.593555584E9,-,-,-,
2017-09-04T04:38+0000,1.593555584E9,-,-,-,
2017-09-04T04:43+0000,1.593555584E9,-,-,-,
2017-09-04T04:48+0000,1.593555584E9,-,-,-,
2017-09-04T04:53+0000,1.593555584E9,-,-,-,
2017-09-04T04:58+0000,1.593555584E9,-,-,-,
2017-09-04T05:03+0000,1.593555584E9,-,-,-,
2017-09-04T05:08+0000,1.593555584E9,-,-,-,
2017-09-04T05:13+0000,1.593555584E9,-,-,-,
2017-09-04T05:18+0000,1.593555584E9,-,-,-,
2017-09-04T05:23+0000,1.593555584E9,-,-,-,
2017-09-04T05:28+0000,1.593555584E9,-,-,-,
2017-09-04T05:33+0000,1.593555584E9,-,-,-,
2017-09-04T05:38+0000,1.593555584E9,-,-,-,
2017-09-04T05:43+0000,1.593555584E9,-,-,-,
2017-09-04T05:48+0000,1.593555584E9,-,-,-,
2017-09-04T05:53+0000,1.593555584E9,-,-,-,
2017-09-04T05:58+0000,1.593555584E9,-,-,-,
2017-09-04T06:03+0000,1.593555584E9,-,-,-,
2017-09-04T06:08+0000,1.593555584E9,-,-,-,
2017-09-04T06:13+0000,1.593555584E9,-,-,-,
2017-09-04T06:18+0000,1.593555584E9,-,-,-,
2017-09-04T06:23+0000,1.593555584E9,-,-,-,
2017-09-04T06:28+0000,1.593555584E9,-,-,-,
2017-09-04T06:33+0000,1.593555584E9,-,-,-,
2017-09-04T06:38+0000,1.593555584E9,-,-,-,
2017-09-04T06:43+0000,1.593555584E9,-,-,-,
2017-09-04T06:48+0000,1.593555584E9,-,-,-,
2017-09-04T06:53+0000,1.593555584E9,-,-,-,
2017-09-04T06:58+0000,1.593555584E9,-,-,-,
2017-09-04T07:03+0000,1.593555584E9,-,-,-,
2017-09-04T07:08+0000,1.593555584E9,-,-,-,
2017-09-04T07:13+0000,1.593555584E9,-,-,-,
2017-09-04T07:18+0000,1.593555584E9,-,-,-,
2017-09-04T07:23+0000,1.593555584E9,-,-,-,
2017-09-04T07:28+0000,1.593555584E9,-,-,-,
2017-09-04T07:33+0000,1.593555584E9,-,-,-,
2017-09-04T07:38+0000,1.593555584E9,-,-,-,
2017-09-04T07:43+0000,1.593555584E9,-,-,-,
2017-09-04T07:48+0000,1.593555584E9,-,-,-,
2017-09-04T07:53+0000,1.593555584E9,-,-,-,
2017-09-04T07:58+0000,1.593555584E9,-,-,-,
2017-09-04T08:03+0000,1.593555584E9,-,-,-,
2017-09-04T08:08+0000,1.593555584E9,-,-,-,
2017-09-04T08:13+0000,1.593555584E9,-,-,-,
2017-09-04T08:18+0000,1.593555584E9,-,-,-,
2017-09-04T08:23+0000,1.593555584E9,-,-,-,
2017-09-04T08:28+0000,1.593555584E9,-,-,-,
2017-09-04T08:33+0000,1.593555584E9,-,-,-,
2017-09-04T08:38+0000,1.593555584E9,-,-,-,
2017-09-04T08:43+0000,1.593555584E9,-,-,-,
2017-09-04T08:48+0000,1.593555584E9,-,-,-,
2017-09-04T08:53+0000,1.593555584E9,-,-,-,
2017-09-04T08:58+0000,1.593555584E9,-,-,-,
2017-09-04T09:03+0000,1.593555584E9,-,-,-,
2017-09-04T09:08+0000,1.593555584E9,-,-,-,
2017-09-04T09:13+0000,1.593555584E9,-,-,-,
2017-09-04T09:18+0000,1.593555584E9,-,-,-,
2017-09-04T09:23+0000,1.593555584E9,-,-,-,
2017-09-04T09:28+0000,1.593555584E9,-,-,-,
2017-09-04T09:33+0000,1.593555584E9,-,-,-,
2017-09-04T09:38+0000,1.593555584E9,-,-,-,
2017-09-04T09:43+0000,1.593555584E9,-,-,-,
2017-09-04T09:48+0000,1.593555584E9,-,-,-,
2017-09-04T09:53+0000,1.593555584E9,-,-,-,
2017-09-04T09:58+0000,1.593555584E9,-,-,-,
2017-09-04T10:03+0000,1.593555584E9,-,-,-,
2017-09-04T10:08+0000,1.593555584E9,-,-,-,
2017-09-04T10:13+0000,1.593555584E9,-,-,-,
2017-09-04T10:18+0000,1.593555584E9,-,-,-,
2017-09-04T10:23+0000,1.593555584E9,-,-,-,
2017-09-04T10:28+0000,1.593555584E9,-,-,-,
2017-09-04T10:33+0000,1.593555584E9,-,-,-,
2017-09-04T10:38+0000,1.593555584E9,-,-,-,
2017-09-04T10:43+0000,1.593555584E9,-,-,-,
2017-09-04T10:48+0000,1.593555584E9,-,-,-,
2017-09-04T10:53+0000,1.593555584E9,-,-,-,
2017-09-04T10:58+0000,1.593555584E9,-,-,-,
2017-09-04T11:03+0000,1.593555584E9,-,-,-,
2017-09-04T11:08+0000,1.593555584E9,-,-,-,
2017-09-04T11:13+0000,1.593555584E9,-,-,-,
2017-09-04T11:18+0000,1.593555584E9,-,-,-,
2017-09-04T11:23+0000,1.593555584E9,-,-,-,
2017-09-04T11:28+0000,1.593555584E9,-,-,-,
2017-09-04T11:33+0000,1.593555584E9,-,-,-,
2017-09-04T11:38+0000,1.593555584E9,-,-,-,
2017-09-04T11:43+0000,1.593555584E9,-,-,-,
2017-09-04T11:48+0000,1.593555584E9,-,-,-,
2017-09-04T11:53+0000,1.593555584E9,-,-,-,
2017-09-04T11:58+0000,1.593555584E9,-,-,-,
2017-09-04T12:03+0000,1.593555584E9,-,-,-,
2017-09-04T12:08+0000,1.593555584E9,-,-,-,
2017-09-04T12:13+0000,1.593555584E9,-,-,-,
2017-09-04T12:18+0000,1.593555584E9,-,-,-,
2017-09-04T12:23+0000,1.593555584E9,-,-,-,
2017-09-04T12:28+0000,1.593555584E9,-,-,-,
2017-09-04T12:33+0000,1.593555584E9,-,-,-,
2017-09-04T12:38+0000,1.593555584E9,-,-,-,
2017-09-04T12:43+0000,1.593555584E9,-,-,-,
2017-09-04T12:48+0000,1.593555584E9,-,-,-,
2017-09-04T12:53+0000,1.593555584E9,-,-,-,
2017-09-04T12:58+0000,1.593555584E9,-,-,-,
2017-09-04T13:03+0000,1.593555584E9,-,-,-,
2017-09-04T13:08+0000,1.593555584E9,-,-,-,
2017-09-04T13:13+0000,1.593555584E9,-,-,-,
2017-09-04T13:18+0000,1.593555584E9,-,-,-,
2017-09-04T13:23+0000,1.593555584E9,-,-,-,
2017-09-04T13:28+0000,1.593555584E9,-,-,-,
2017-09-04T13:33+0000,1.593555584E9,-,-,-,
2017-09-04T13:38+0000,1.593555584E9,-,-,-,
2017-09-04T13:43+0000,1.593555584E9,-,-,-,
2017-09-04T13:48+0000,1.593555584E9,-,-,-,
2017-09-04T13:53+0000,1.593555584E9,-,-,-,
2017-09-04T13:58+0000,1.593555584E9,-,-,-,
2017-09-04T14:03+0000,1.593555584E9,-,-,-,
2017-09-04T14:08+0000,1.593555584E9,-,-,-,
2017-09-04T14:13+0000,1.593555584E9,-,-,-,
2017-09-04T14:18+0000,1.593555584E9,-,-,-,
2017-09-04T14:23+0000,1.593555584E9,-,-,-,
2017-09-04T14:28+0000,1.593555584E9,-,-,-,
2017-09-04T14:33+0000,1.593555584E9,-,-,-,
2017-09-04T14:38+0000,1.593555584E9,-,-,-,
2017-09-04T14:43+0000,1.593555584E9,-,-,-,
2017-09-04T14:48+0000,1.593555584E9,-,-,-,
2017-09-04T14:53+0000,1.593555584E9,-,-,-,
2017-09-04T14:58+0000,1.593555584E9,-,-,-,
2017-09-04T15:03+0000,1.593555584E9,-,-,-,
2017-09-04T15:08+0000,1.593555584E9,-,-,-,
2017-09-04T15:13+0000,1.593555584E9,-,-,-,
2017-09-04T15:18+0000,1.593555584E9,-,-,-,
2017-09-04T15:23+0000,1.593555584E9,-,-,-,
2017-09-04T15:28+0000,1.593555584E9,-,-,-,
2017-09-04T15:33+0000,1.593555584E9,-,-,-,
2017-09-04T15:38+0000,1.593555584E9,-,-,-,
2017-09-04T15:43+0000,1.593555584E9,-,-,-,
2017-09-04T15:48+0000,1.593555584E9,-,-,-,
2017-09-04T15:53+0000,1.593555584E9,-,-,-,
2017-09-04T15:58+0000,1.593555584E9,-,-,-,
2017-09-04T16:03+0000,1.593555584E9,-,-,-,
2017-09-04T16:08+0000,1.593555584E9,-,-,-,
2017-09-04T16:13+0000,1.593555584E9,-,-,-,
2017-09-04T16:18+0000,1.593555584E9,-,-,-,
2017-09-04T16:23+0000,1.593555584E9,-,-,-,
2017-09-04T16:28+0000,1.593555584E9,-,-,-,
2017-09-04T16:33+0000,1.593555584E9,-,-,-,
2017-09-04T16:38+0000,1.593555584E9,-,-,-,
2017-09-04T16:43+0000,1.593555584E9,-,-,-,
2017-09-04T16:48+0000,1.593555584E9,-,-,-,
2017-09-04T16:53+0000,1.593555584E9,-,-,-,
2017-09-04T16:58+0000,1.593555584E9,-,-,-,
2017-09-04T17:03+0000,1.593555584E9,-,-,-,
2017-09-04T17:08+0000,1.593555584E9,-,-,-,
2017-09-04T17:13+0000,1.593555584E9,-,-,-,
2017-09-04T17:18+0000,1.593555584E9,-,-,-,
2017-09-04T17:23+0000,1.593555584E9,-,-,-,
2017-09-04T17:28+0000,1.593555584E9,-,-,-,
2017-09-04T17:33+0000,1.593555584E9,-,-,-,
2017-09-04T17:38+0000,1.593555584E9,-,-,-,
2017-09-04T17:43+0000,1.593555584E9,-,-,-,
2017-09-04T17:48+0000,1.593555584E9,-,-,-,
2017-09-04T17:53+0000,1.593555584E9,-,-,-,
2017-09-04T17:58+0000,1.593555584E9,-,-,-,
2017-09-04T18:03+0000,1.593555584E9,-,-,-,
2017-09-04T18:08+0000,1.593555584E9,-,-,-,
2017-09-04T18:13+0000,1.593555584E9,-,-,-,
2017-09-04T18:18+0000,1.593555584E9,-,-,-,
2017-09-04T18:23+0000,1.593555584E9,-,-,-,
2017-09-04T18:28+0000,1.593555584E9,-,-,-,
2017-09-04T18:33+0000,1.593555584E9,-,-,-,
2017-09-04T18:38+0000,1.593555584E9,-,-,-,
2017-09-04T18:43+0000,1.593555584E9,-,-,-,
2017-09-04T18:48+0000,1.593555584E9,-,-,-,
2017-09-04T18:53+0000,1.593555584E9,-,-,-,
2017-09-04T18:58+0000,1.593555584E9,-,-,-,
2017-09-04T19:03+0000,1.593555584E9,-,-,-,
2017-09-04T19:08+0000,1.593555584E9,-,-,-,
2017-09-04T19:13+0000,1.593555584E9,-,-,-,
2017-09-04T19:18+0000,1.593555584E9,-,-,-,
2017-09-04T19:23+0000,1.593555584E9,-,-,-,
2017-09-04T19:28+0000,1.593555584E9,-,-,-,
2017-09-04T19:33+0000,1.593555584E9,-,-,-,
2017-09-04T19:38+0000,1.593555584E9,-,-,-,
2017-09-04T19:43+0000,1.593555584E9,-,-,-,
2017-09-04T19:48+0000,1.593555584E9,-,-,-,
2017-09-04T19:53+0000,1.593555584E9,-,-,-,
2017-09-04T19:58+0000,1.593555584E9,-,-,-,
2017-09-04T20:03+0000,1.593555584E9,-,-,-,
2017-09-04T20:08+0000,1.593555584E9,-,-,-,
2017-09-04T20:13+0000,1.593555584E9,-,-,-,
2017-09-04T20:18+0000,1.593555584E9,-,-,-,
2017-09-04T20:23+0000,1.593555584E9,-,-,-,
2017-09-04T20:28+0000,1.593555584E9,-,-,-,
2017-09-04T20:33+0000,1.593555584E9,-,-,-,
2017-09-04T20:38+0000,1.593555584E9,-,-,-,
2017-09-04T20:43+0000,1.593555584E9,-,-,-,
2017-09-04T20:48+0000,1.593555584E9,-,-,-,
2017-09-04T20:53+0000,1.593555584E9,-,-,-,
2017-09-04T20:58+0000,1.593555584E9,-,-,-,
2017-09-04T21:03+0000,1.593555584E9,-,-,-,
2017-09-04T21:08+0000,1.593555584E9,-,-,-,
2017-09-04T21:13+0000,1.593555584E9,-,-,-,
2017-09-04T21:18+0000,1.593555584E9,-,-,-,
2017-09-04T21:23+0000,1.593555584E9,-,-,-,
2017-09-04T21:28+0000,1.593555584E9,-,-,-,
2017-09-04T21:33+0000,1.593555584E9,-,-,-,
2017-09-04T21:38+0000,1.593555584E9,-,-,-,
2017-09-04T21:43+0000,1.593555584E9,-,-,-,
2017-09-04T21:48+0000,1.593555584E9,-,-,-,
2017-09-04T21:53+0000,1.593555584E9,-,-,-,
2017-09-04T21:58+0000,1.593555584E9,-,-,-,
2017-09-04T22:03+0000,1.593555584E9,-,-,-,
2017-09-04T22:08+0000,1.593555584E9,-,-,-,
2017-09-04T22:13+0000,1.593555584E9,-,-,-,
2017-09-04T22:18+0000,1.593555584E9,-,-,-,
2017-09-04T22:23+0000,1.593555584E9,-,-,-,
2017-09-04T22:28+0000,1.593555584E9,-,-,-,
2017-09-04T22:33+0000,1.593555584E9,-,-,-,
2017-09-04T22:38+0000,1.593555584E9,-,-,-,
2017-09-04T22:43+0000,1.593555584E9,-,-,-,
2017-09-04T22:48+0000,1.593555584E9,-,-,-,
2017-09-04T22:53+0000,1.593555584E9,-,-,-,
2017-09-04T22:58+0000,1.593555584E9,-,-,-,
2017-09-04T23:03+0000,1.593555584E9,-,-,-,
2017-09-04T23:08+0000,1.593555584E9,-,-,-,
2017-09-04T23:13+0000,1.593555584E9,-,-,-,
2017-09-04T23:18+0000,1.593555584E9,-,-,-,
2017-09-04T23:23+0000,1.593555584E9,-,-,-,
2017-09-04T23:28+0000,1.593555584E9,-,-,-,
2017-09-04T23:33+0000,1.593555584E9,-,-,-,
2017-09-04T23:38+0000,1.593555584E9,-,-,-,
2017-09-04T23:43+0000,1.593555584E9,-,-,-,
2017-09-04T23:48+0000,1.593555584E9,-,-,-,
2017-09-04T23:53+0000,1.593555584E9,-,-,-,
2017-09-04T23:58+0000,1.593555584E9,-,-,-,
2017-09-05T00:03+0000,1.593555584E9,-,-,-,
2017-09-05T00:08+0000,1.593555584E9,-,-,-,
2017-09-05T00:13+0000,1.593555584E9,-,-,-,
2017-09-05T00:18+0000,1.593555584E9,-,-,-,
2017-09-05T00:23+0000,1.593555584E9,-,-,-,
2017-09-05T00:28+0000,1.593555584E9,-,-,-,
2017-09-05T00:33+0000,1.593555584E9,-,-,-,
2017-09-05T00:38+0000,1.593555584E9,-,-,-,
2017-09-05T00:43+0000,1.593555584E9,-,-,-,
2017-09-05T00:48+0000,1.593555584E9,-,-,-,
2017-09-05T00:53+0000,1.593555584E9,-,-,-,
2017-09-05T00:58+0000,1.593555584E9,-,-,-,
2017-09-05T01:03+0000,1.593555584E9,-,-,-,
2017-09-05T01:08+0000,1.593555584E9,-,-,-,
2017-09-05T01:13+0000,1.593555584E9,-,-,-,
2017-09-05T01:18+0000,1.593555584E9,-,-,-,
2017-09-05T01:23+0000,1.593555584E9,-,-,-,
2017-09-05T01:28+0000,1.593555584E9,-,-,-,
2017-09-05T01:33+0000,1.593555584E9,-,-,-,
2017-09-05T01:38+0000,1.593555584E9,-,-,-,
2017-09-05T01:43+0000,1.593555584E9,-,-,-,
2017-09-05T01:48+0000,1.593555584E9,-,-,-,
2017-09-05T01:53+0000,1.593555584E9,-,-,-,
2017-09-05T01:58+0000,1.593555584E9,-,-,-,
2017-09-05T02:03+0000,1.593555584E9,-,-,-,
2017-09-05T02:08+0000,1.593555584E9,-,-,-,
2017-09-05T02:13+0000,1.593555584E9,-,-,-,
2017-09-05T02:18+0000,1.593555584E9,-,-,-,
2017-09-05T02:23+0000,1.593555584E9,-,-,-,
2017-09-05T02:28+0000,1.593555584E9,-,-,-,
2017-09-05T02:33+0000,1.593555584E9,-,-,-,
2017-09-05T02:38+0000,1.593555584E9,-,-,-,
2017-09-05T02:43+0000,1.593555584E9,-,-,-,
2017-09-05T02:48+0000,1.593555584E9,-,-,-,
2017-09-05T02:53+0000,1.593555584E9,-,-,-,
2017-09-05T02:58+0000,1.593555584E9,-,-,-,
2017-09-05T03:03+0000,1.593555584E9,-,-,-,
2017-09-05T03:08+0000,1.593555584E9,-,-,-,
2017-09-05T03:13+0000,1.593555584E9,-,-,-,
2017-09-05T03:18+0000,1.593555584E9,-,-,-,
2017-09-05T03:23+0000,1.593555584E9,-,-,-,
2017-09-05T03:28+0000,1.593555584E9,-,-,-,
2017-09-05T03:33+0000,1.593555584E9,-,-,-,
2017-09-05T03:38+0000,1.593555584E9,-,-,-,
2017-09-05T03:43+0000,1.593555584E9,-,-,-,
2017-09-05T03:48+0000,1.593555584E9,-,-,-,
2017-09-05T03:53+0000,1.593555584E9,-,-,-,
2017-09-05T03:58+0000,1.593555584E9,-,-,-,
2017-09-05T04:03+0000,1.593555584E9,-,-,-,
2017-09-05T04:08+0000,1.593555584E9,-,-,-,
2017-09-05T04:13+0000,1.593555584E9,-,-,-,
2017-09-05T04:18+0000,1.593555584E9,-,-,-,
2017-09-05T04:23+0000,1.593555584E9,-,-,-,
2017-09-05T04:28+0000,1.593555584E9,-,-,-,
2017-09-05T04:33+0000,1.593555584E9,-,-,-,
2017-09-05T04:38+0000,1.593555584E9,-,-,-,
2017-09-05T04:43+0000,1.593555584E9,-,-,-,
2017-09-05T04:48+0000,1.593555584E9,-,-,-,
2017-09-05T04:53+0000,1.593555584E9,-,-,-,
2017-09-05T04:58+0000,1.593555584E9,-,-,-,
2017-09-05T05:03+0000,1.593555584E9,-,-,-,
2017-09-05T05:08+0000,1.593555584E9,-,-,-,
2017-09-05T05:13+0000,1.593555584E9,-,-,-,
2017-09-05T05:18+0000,1.593555584E9,-,-,-,
2017-09-05T05:23+0000,1.593555584E9,-,-,-,
2017-09-05T05:28+0000,1.593555584E9,-,-,-,
2017-09-05T05:33+0000,1.593555584E9,-,-,-,
2017-09-05T05:38+0000,1.593555584E9,-,-,-,
2017-09-05T05:43+0000,1.593555584E9,-,-,-,
2017-09-05T05:48+0000,1.593555584E9,-,-,-,
2017-09-05T05:53+0000,1.593555584E9,-,-,-,
2017-09-05T05:58+0000,1.593555584E9,-,-,-,
2017-09-05T06:03+0000,1.593555584E9,-,-,-,
2017-09-05T06:08+0000,1.593555584E9,-,-,-,
2017-09-05T06:13+0000,1.593555584E9,-,-,-,
2017-09-05T06:18+0000,1.593555584E9,-,-,-,
2017-09-05T06:23+0000,1.593555584E9,-,-,-,
2017-09-05T06:28+0000,1.593555584E9,-,-,-,
2017-09-05T06:33+0000,1.593555584E9,-,-,-,
2017-09-05T06:38+0000,1.593555584E9,-,-,-,
2017-09-05T06:43+0000,1.593555584E9,-,-,-,
2017-09-05T06:48+0000,1.593555584E9,-,-,-,
2017-09-05T06:53+0000,1.593555584E9,-,-,-,
2017-09-05T06:58+0000,1.593555584E9,-,-,-,
2017-09-05T07:03+0000,1.593555584E9,-,-,-,
2017-09-05T07:08+0000,1.593555584E9,-,-,-,
2017-09-05T07:13+0000,1.593555584E9,-,-,-,
2017-09-05T07:18+0000,1.593555584E9,-,-,-,
2017-09-05T07:23+0000,1.593555584E9,-,-,-,
2017-09-05T07:28+0000,1.593555584E9,-,-,-,
2017-09-05T07:33+0000,1.593555584E9,-,-,-,
2017-09-05T07:38+0000,1.593555584E9,-,-,-,
2017-09-05T07:43+0000,1.593555584E9,-,-,-,
2017-09-05T07:48+0000,1.593555584E9,-,-,-,
2017-09-05T07:53+0000,1.593555584E9,-,-,-,
2017-09-05T07:58+0000,1.593555584E9,-,-,-,
2017-09-05T08:03+0000,1.593555584E9,-,-,-,
2017-09-05T08:08+0000,1.593555584E9,-,-,-,
2017-09-05T08:13+0000,1.593555584E9,-,-,-,
2017-09-05T08:18+0000,1.593555584E9,-,-,-,
2017-09-05T08:23+0000,1.593555584E9,-,-,-,
2017-09-05T08:28+0000,1.593555584E9,-,-,-,
2017-09-05T08:33+0000,1.593555584E9,-,-,-,
2017-09-05T08:38+0000,1.593555584E9,-,-,-,
2017-09-05T08:43+0000,1.593555584E9,-,-,-,
2017-09-05T08:48+0000,1.593555584E9,-,-,-,
2017-09-05T08:53+0000,1.593555584E9,-,-,-,
2017-09-05T08:58+0000,1.593555584E9,-,-,-,
2017-09-05T09:03+0000,1.593555584E9,-,-,-,
2017-09-05T09:08+0000,1.593555584E9,-,-,-,
2017-09-05T09:13+0000,1.593555584E9,-,-,-,
2017-09-05T09:18+0000,1.593555584E9,-,-,-,
2017-09-05T09:23+0000,1.593555584E9,-,-,-,
2017-09-05T09:28+0000,1.593555584E9,-,-,-,
2017-09-05T09:33+0000,1.593555584E9,-,-,-,
2017-09-05T09:38+0000,1.593555584E9,-,-,-,
2017-09-05T09:43+0000,1.593555584E9,-,-,-,
2017-09-05T09:48+0000,1.593555584E9,-,-,-,
2017-09-05T09:53+0000,1.593555584E9,-,-,-,
2017-09-05T09:58+0000,1.593555584E9,-,-,-,
2017-09-05T10:03+0000,1.593555584E9,-,-,-,
2017-09-05T10:08+0000,1.593555584E9,-,-,-,
2017-09-05T10:13+0000,1.593555584E9,-,-,-,
2017-09-05T10:18+0000,1.593555584E9,-,-,-,
2017-09-05T10:23+0000,1.593555584E9,-,-,-,
2017-09-05T10:28+0000,1.593555584E9,-,-,-,
2017-09-05T10:33+0000,1.593555584E9,-,-,-,
2017-09-05T10:38+0000,1.593555584E9,-,-,-,
2017-09-05T10:43+0000,1.593555584E9,-,-,-,
2017-09-05T10:48+0000,1.593555584E9,-,-,-,
2017-09-05T10:53+0000,1.593555584E9,-,-,-,
2017-09-05T10:58+0000,1.593555584E9,-,-,-,
2017-09-05T11:03+0000,1.593555584E9,-,-,-,
2017-09-05T11:08+0000,1.593555584E9,-,-,-,
2017-09-05T11:13+0000,1.593555584E9,-,-,-,
2017-09-05T11:18+0000,1.593555584E9,-,-,-,
2017-09-05T11:23+0000,1.593555584E9,-,-,-,
2017-09-05T11:28+0000,1.593555584E9,-,-,-,
2017-09-05T11:33+0000,1.593555584E9,-,-,-,
2017-09-05T11:43+0000,1.593555584E9,-,-,-,
2017-09-05T11:48+0000,1.593555584E9,-,-,-,
2017-09-05T11:53+0000,1.593555584E9,-,-,-,
2017-09-05T11:58+0000,1.593555584E9,-,-,-,
2017-09-05T12:03+0000,1.593555584E9,-,-,-,
2017-09-05T12:08+0000,1.593555584E9,-,-,-,
2017-09-05T12:13+0000,1.593555584E9,-,-,-,
2017-09-05T12:18+0000,1.593555584E9,-,-,-,
2017-09-05T12:23+0000,1.593555584E9,-,-,-,
2017-09-05T12:28+0000,1.593555584E9,-,-,-,
2017-09-05T12:33+0000,1.593555584E9,-,-,-,
2017-09-05T12:38+0000,1.593555584E9,-,-,-,
2017-09-05T12:43+0000,1.593555584E9,-,-,-,
2017-09-05T12:48+0000,1.593555584E9,-,-,-,
2017-09-05T12:53+0000,1.593555584E9,-,-,-,
2017-09-05T12:58+0000,1.593555584E9,-,-,-,
2017-09-05T13:03+0000,1.593555584E9,-,-,-,
2017-09-05T13:08+0000,1.593555584E9,-,-,-,
2017-09-05T13:13+0000,1.593555584E9,-,-,-,
2017-09-05T13:18+0000,1.593555584E9,-,-,-,
2017-09-05T13:23+0000,1.593555584E9,-,-,-,
2017-09-05T13:28+0000,1.593555584E9,-,-,-,
2017-09-05T13:33+0000,1.593555584E9,-,-,-,
2017-09-05T13:38+0000,1.593555584E9,-,-,-,
2017-09-05T13:43+0000,1.593555584E9,-,-,-,
2017-09-05T13:48+0000,1.593555584E9,-,-,-,
2017-09-05T13:53+0000,1.593555584E9,-,-,-,
2017-09-05T13:58+0000,1.593555584E9,-,-,-,
2017-09-05T14:03+0000,1.593555584E9,-,-,-,
2017-09-05T14:08+0000,1.593555584E9,-,-,-,
2017-09-05T14:13+0000,1.593555584E9,-,-,-,
2017-09-05T14:18+0000,1.593555584E9,-,-,-,
2017-09-05T14:23+0000,1.593555584E9,-,-,-,
2017-09-05T14:28+0000,1.593555584E9,-,-,-,
2017-09-05T14:33+0000,1.593555584E9,-,-,-,
2017-09-05T14:38+0000,1.593555584E9,-,-,-,
2017-09-05T14:43+0000,1.593555584E9,-,-,-,
2017-09-05T14:48+0000,1.593555584E9,-,-,-,
2017-09-05T14:53+0000,1.593555584E9,-,-,-,
2017-09-05T14:58+0000,1.593555584E9,-,-,-,
2017-09-05T15:03+0000,1.593555584E9,-,-,-,
2017-09-05T15:08+0000,1.593555584E9,-,-,-,
2017-09-05T15:13+0000,1.593555584E9,-,-,-,
2017-09-05T15:18+0000,1.593555584E9,-,-,-,
2017-09-05T15:23+0000,1.593555584E9,-,-,-,
2017-09-05T15:28+0000,1.593555584E9,-,-,-,
2017-09-05T15:33+0000,1.593555584E9,-,-,-,
2017-09-05T15:38+0000,1.593555584E9,-,-,-,
2017-09-05T15:43+0000,1.593555584E9,-,-,-,
2017-09-05T15:48+0000,1.593555584E9,-,-,-,
2017-09-05T15:53+0000,1.593555584E9,-,-,-,
2017-09-05T15:58+0000,1.593555584E9,-,-,-,
2017-09-05T16:03+0000,1.593555584E9,-,-,-,
2017-09-05T16:08+0000,1.593555584E9,-,-,-,
2017-09-05T16:13+0000,1.593555584E9,-,-,-,
2017-09-05T16:18+0000,1.593555584E9,-,-,-,
2017-09-05T16:23+0000,1.593555584E9,-,-,-,
2017-09-05T16:28+0000,1.593555584E9,-,-,-,
2017-09-05T16:33+0000,1.593555584E9,-,-,-,
2017-09-05T16:38+0000,1.593555584E9,-,-,-,
2017-09-05T16:43+0000,1.593555584E9,-,-,-,
2017-09-05T16:48+0000,1.593555584E9,-,-,-,
2017-09-05T16:53+0000,1.593555584E9,-,-,-,
2017-09-05T16:58+0000,1.593555584E9,-,-,-,
2017-09-05T17:03+0000,1.593555584E9,-,-,-,
2017-09-05T17:08+0000,1.593555584E9,-,-,-,
2017-09-05T17:13+0000,1.593555584E9,-,-,-,
2017-09-05T17:18+0000,1.593555584E9,-,-,-,
2017-09-05T17:23+0000,1.593555584E9,-,-,-,
2017-09-05T17:28+0000,1.593555584E9,-,-,-,
2017-09-05T17:33+0000,1.593555584E9,-,-,-,
2017-09-05T17:38+0000,1.593555584E9,-,-,-,
2017-09-05T17:43+0000,1.593555584E9,-,-,-,
2017-09-05T17:48+0000,1.593555584E9,-,-,-,
2017-09-05T17:53+0000,1.593555584E9,-,-,-,
2017-09-05T17:58+0000,1.593555584E9,-,-,-,
2017-09-05T18:03+0000,1.593555584E9,-,-,-,
2017-09-05T18:08+0000,1.593555584E9,-,-,-,
2017-09-05T18:13+0000,1.593555584E9,-,-,-,
2017-09-05T18:18+0000,1.593555584E9,-,-,-,
2017-09-05T18:23+0000,1.593555584E9,-,-,-,
2017-09-05T18:28+0000,1.593555584E9,-,-,-,
2017-09-05T18:33+0000,1.593555584E9,-,-,-,
2017-09-05T18:38+0000,1.593555584E9,-,-,-,
2017-09-05T19:11+0000,1.593555584E9,-,-,-,
2017-09-05T19:16+0000,1.593555584E9,-,-,-,
2017-09-05T19:21+0000,1.593555584E9,-,-,-,
2017-09-05T19:26+0000,1.593555584E9,-,-,-,
2017-09-05T19:31+0000,1.593555584E9,-,-,-,
2017-09-05T19:36+0000,1.593555584E9,-,-,-,
2017-09-05T19:41+0000,1.593555584E9,-,-,-,
2017-09-05T19:46+0000,1.593555584E9,-,-,-,
2017-09-05T19:51+0000,1.593555584E9,-,-,-,
2017-09-05T19:56+0000,1.593555584E9,-,-,-,
2017-09-05T20:01+0000,1.593555584E9,-,-,-,
2017-09-05T20:06+0000,1.593555584E9,-,-,-,
2017-09-05T20:11+0000,1.593555584E9,-,-,-,
2017-09-05T20:16+0000,1.593555584E9,-,-,-,
2017-09-05T20:21+0000,1.593555584E9,-,-,-,
2017-09-05T20:26+0000,1.593555584E9,-,-,-,
2017-09-05T20:31+0000,1.593555584E9,-,-,-,
2017-09-05T20:36+0000,1.593555584E9,-,-,-,
2017-09-05T20:41+0000,1.593555584E9,-,-,-,
2017-09-05T20:46+0000,1.593555584E9,-,-,-,
2017-09-05T20:51+0000,1.593555584E9,-,-,-,
2017-09-05T20:56+0000,1.593555584E9,-,-,-,
2017-09-05T21:01+0000,1.593555584E9,-,-,-,
2017-09-05T21:06+0000,1.593555584E9,-,-,-,
2017-09-05T21:11+0000,1.593555584E9,-,-,-,
2017-09-05T21:16+0000,1.593555584E9,-,-,-,
2017-09-05T21:21+0000,1.593555584E9,-,-,-,
2017-09-05T21:26+0000,1.593555584E9,-,-,-,
2017-09-05T21:31+0000,1.593555584E9,-,-,-,
2017-09-05T21:36+0000,1.593555584E9,-,-,-,
2017-09-05T21:41+0000,1.593555584E9,-,-,-,
2017-09-05T21:46+0000,1.593555584E9,-,-,-,
2017-09-05T21:51+0000,1.593555584E9,-,-,-,
2017-09-05T21:56+0000,1.593555584E9,-,-,-,
2017-09-05T22:01+0000,1.593555584E9,-,-,-,
2017-09-05T22:06+0000,1.593555584E9,-,-,-,
2017-09-05T22:11+0000,1.593555584E9,-,-,-,
2017-09-05T22:16+0000,1.593555584E9,-,-,-,
2017-09-05T22:21+0000,1.593555584E9,-,-,-,
2017-09-05T22:26+0000,1.593555584E9,-,-,-,
2017-09-05T22:31+0000,1.593555584E9,-,-,-,
2017-09-05T22:36+0000,1.593555584E9,-,-,-,
2017-09-05T22:41+0000,1.593555584E9,-,-,-,
2017-09-05T22:46+0000,1.593555584E9,-,-,-,
2017-09-05T22:51+0000,1.593555584E9,-,-,-,
2017-09-05T22:56+0000,1.593555584E9,-,-,-,
2017-09-05T23:01+0000,1.593555584E9,-,-,-,
2017-09-05T23:06+0000,1.593555584E9,-,-,-,
2017-09-05T23:11+0000,1.593555584E9,-,-,-,
2017-09-05T23:41+0000,1.593555584E9,-,-,-,
2017-09-05T23:46+0000,1.593555584E9,-,-,-,
2017-09-05T23:51+0000,1.593555584E9,-,-,-,
2017-09-05T23:56+0000,1.593555584E9,-,-,-,
2017-09-06T00:01+0000,1.593555584E9,-,-,-,
2017-09-06T00:06+0000,1.593555584E9,-,-,-,
2017-09-06T00:11+0000,1.593555584E9,-,-,-,
2017-09-06T00:16+0000,1.593555584E9,-,-,-,
2017-09-06T00:21+0000,1.593555584E9,-,-,-,
2017-09-06T00:26+0000,1.593555584E9,-,-,-,
2017-09-06T00:31+0000,1.593555584E9,-,-,-,
2017-09-06T00:36+0000,1.593555584E9,-,-,-,
2017-09-06T00:41+0000,1.593555584E9,-,-,-,
2017-09-06T00:46+0000,1.593555584E9,-,-,-,
2017-09-06T00:51+0000,1.593555584E9,-,-,-,
2017-09-06T00:56+0000,1.593555584E9,-,-,-,
2017-09-06T01:01+0000,1.593555584E9,-,-,-,
2017-09-06T01:06+0000,1.593555584E9,-,-,-,
2017-09-06T01:11+0000,1.593555584E9,-,-,-,
2017-09-06T01:16+0000,1.593555584E9,-,-,-,
2017-09-06T01:21+0000,1.593555584E9,-,-,-,
2017-09-06T01:26+0000,1.593555584E9,-,-,-,
2017-09-06T01:31+0000,1.593555584E9,-,-,-,
2017-09-06T01:36+0000,1.593555584E9,-,-,-,
2017-09-06T01:41+0000,1.593555584E9,-,-,-,
2017-09-06T01:46+0000,1.593555584E9,-,-,-,
2017-09-06T01:51+0000,1.593555584E9,-,-,-,
2017-09-06T01:56+0000,1.593555584E9,1593555456,1593555712,-,
2017-09-06T02:01+0000,1.593555584E9,1593555456,1593555712,-,
2017-09-06T02:06+0000,1.593555584E9,1593555456,1593555712,-,
2017-09-06T02:11+0000,1.593555584E9,1593555456,1593555712,-,
2017-09-06T02:16+0000,1.593555584E9,1593555456,1593555712,-,
2017-09-06T02:21+0000,1.593555584E9,1593555456,1593555712,-,
2017-09-06T02:26+0000,1.593555584E9,1593555456,1593555712,-,
2017-09-06T02:31+0000,1.593555584E9,1593555456,1593555712,-,
2017-09-06T02:36+0000,1.593555584E9,1593555456,1593555712,-,
2017-09-06T02:41+0000,1.593555584E9,1593555456,1593555712,-,
2017-09-06T02:46+0000,1.593555584E9,1593555456,1593555712,-,
2017-09-06T02:51+0000,1.593555584E9,1593555456,1593555712,-,
2017-09-06T02:56+0000,1.593555584E9,1593555456,1593555712,-,
2017-09-06T03:01+0000,1.593555584E9,1593555456,1593555712,-,
2017-09-06T03:06+0000,1.593555584E9,1593555456,1593555712,-,
2017-09-06T03:11+0000,1.593555584E9,1593555456,1593555712,-,
2017-09-06T03:16+0000,1.593555584E9,1593555456,1593555712,-,
2017-09-06T03:21+0000,1.593555584E9,1593555456,1593555712,-,
2017-09-06T03:26+0000,1.593555584E9,1593555456,1593555712,-,
2017-09-06T03:31+0000,1.593555584E9,1593555456,1593555712,-,
2017-09-06T03:36+0000,1.593555584E9,1593555456,1593555712,-,
2017-09-06T03:41+0000,1.593555584E9,1593555456,1593555712,-,
2017-09-06T03:46+0000,1.593555584E9,1593555456,1593555712,-,
2017-09-06T03:51+0000,1.593555584E9,1593555456,1593555712,-,
2017-09-06T03:56+0000,1.593555584E9,1593555456,1593555712,-,
2017-09-06T04:01+0000,1.593555584E9,1593555456,1593555712,-,
2017-09-06T04:06+0000,1.593555584E9,1593555456,1593555712,-,
2017-09-06T04:11+0000,1.593555584E9,1593555456,1593555712,-,
2017-09-06T04:16+0000,1.593555584E9,1593555456,1593555712,-,
2017-09-06T04:21+0000,1.593555584E9,1593555456,1593555712,-,
2017-09-06T04:26+0000,1.593555584E9,1593555456,1593555712,-,
2017-09-06T04:31+0000,1.593555584E9,1593555456,1593555712,-,
2017-09-06T04:36+0000,1.593555584E9,1593555456,1593555712,-,
2017-09-06T04:41+0000,1.593555584E9,1593555456,1593555712,-,
2017-09-06T04:46+0000,1.593555584E9,1593555456,1593555712,-,
2017-09-06T04:51+0000,1.593555584E9,1593555456,1593555712,-,
2017-09-06T04:56+0000,1.593555584E9,1593555456,1593555712,-,
2017-09-06T05:01+0000,1.593555584E9,1593555456,1593555712,-,
2017-09-06T05:06+0000,1.593555584E9,1593555456,1593555712,-,
2017-09-06T05:11+0000,1.593555584E9,1593555456,1593555712,-,
2017-09-06T05:16+0000,1.593555584E9,1593555456,1593555712,-,
2017-09-06T05:21+0000,1.593555584E9,1593555456,1593555712,-,
2017-09-06T05:26+0000,1.593555584E9,1593555456,1593555712,-,
2017-09-06T05:31+0000,1.593555584E9,1593555456,1593555712,-,
2017-09-06T05:36+0000,1.593555584E9,1593555456,1593555712,-,
2017-09-06T05:41+0000,1.593555584E9,1593555456,1593555712,-,
2017-09-06T05:46+0000,1.593555584E9,1593555456,1593555712,-,
2017-09-06T05:51+0000,1.593555584E9,1593555456,1593555712,-,
2017-09-06T05:56+0000,1.593555584E9,1593555456,1593555712,-,
2017-09-06T06:01+0000,1.593555584E9,1593555456,1593555712,-,
2017-09-06T06:06+0000,1.593555584E9,1593555456,1593555712,-,
2017-09-06T06:11+0000,1.593555584E9,1593555456,1593555712,-,
2017-09-06T06:16+0000,1.593555584E9,1593555456,1593555712,-,
2017-09-06T06:21+0000,1.593555584E9,1593555456,1593555712,-,
2017-09-06T06:26+0000,1.593555584E9,1593555456,1593555712,-,
2017-09-06T06:31+0000,1.593555584E9,1593555456,1593555712,-,
2017-09-06T06:36+0000,1.593555584E9,1593555456,1593555712,-,
2017-09-06T06:41+0000,1.593555584E9,1593555456,1593555712,-,
2017-09-06T06:46+0000,1.593555584E9,1593555456,1593555712,-,
2017-09-06T06:51+0000,1.593555584E9,1593555456,1593555712,-,
2017-09-06T06:56+0000,1.593555584E9,1593555456,1593555712,-,
2017-09-06T07:01+0000,1.593555584E9,1593555456,1593555712,-,
2017-09-06T07:06+0000,1.593555584E9,1593555456,1593555712,-,
2017-09-06T07:11+0000,1.593555584E9,1593555456,1593555712,-,
2017-09-06T07:16+0000,1.593555584E9,1593555456,1593555712,-,
2017-09-06T07:21+0000,1.593555584E9,1593555456,1593555712,-,
2017-09-06T07:26+0000,1.593555584E9,1593555456,1593555712,-,
2017-09-06T07:31+0000,1.593555584E9,1593555456,1593555712,-,
2017-09-06T07:36+0000,1.593555584E9,1593555456,1593555712,-,
2017-09-06T07:41+0000,1.593555584E9,1593555456,1593555712,-,
2017-09-06T07:46+0000,1.593555584E9,1593555456,1593555712,-,
2017-09-06T07:51+0000,1.593555584E9,1593555456,1593555712,-,
2017-09-06T07:56+0000,1.593555584E9,1593555456,1593555712,-,
2017-09-06T08:01+0000,1.593555584E9,1593555456,1593555712,-,
2017-09-06T08:06+0000,1.593555584E9,1593555456,1593555712,-,
2017-09-06T08:11+0000,1.593555584E9,1593555456,1593555712,-,
2017-09-06T08:16+0000,1.593555584E9,1593555456,1593555712,-,
2017-09-06T08:21+0000,1.593555584E9,1593555456,1593555712,-,
2017-09-06T08:26+0000,1.593555584E9,1593555456,1593555712,-,
2017-09-06T08:31+0000,1.593555584E9,1593555456,1593555712,-,
2017-09-06T08:36+0000,1.593555584E9,1593555456,1593555712,-,
2017-09-06T08:41+0000,1.593555584E9,1593555456,1593555712,-,
2017-09-06T08:46+0000,1.593555584E9,1593555456,1593555712,-,
2017-09-06T08:51+0000,1.593555584E9,1593555456,1593555712,-,
2017-09-06T08:56+0000,1.593555584E9,1593555456,1593555712,-,
2017-09-06T09:01+0000,1.593555584E9,1593555456,1593555712,-,
2017-09-06T09:06+0000,1.593555584E9,1593555456,1593555712,-,
2017-09-06T09:11+0000,1.593555584E9,1593555456,1593555712,-,
2017-09-06T09:16+0000,1.593555584E9,1593555456,1593555712,-,
2017-09-06T09:21+0000,1.593555584E9,1593555456,1593555712,-,
2017-09-06T09:26+0000,1.593555584E9,1593555456,1593555712,-,
2017-09-06T09:31+0000,1.593555584E9,1593555456,1593555712,-,
2017-09-06T09:36+0000,1.593555584E9,1593555456,1593555712,-,
2017-09-06T09:41+0000,1.593555584E9,1593555456,1593555712,-,
2017-09-06T09:46+0000,1.593555584E9,1593555456,1593555712,-,
2017-09-06T09:51+0000,1.593555584E9,1593555456,1593555712,-,
2017-09-06T09:56+0000,1.593555584E9,1593555456,1593555712,-,
2017-09-06T10:01+0000,1.593555584E9,1593555456,1593555712,-,
2017-09-06T10:06+0000,1.593555584E9,1593555456,1593555712,-,
2017-09-06T10:11+0000,1.593555584E9,1593555456,1593555712,-,
2017-09-06T10:16+0000,1.593555584E9,1593555456,1593555712,-,
2017-09-06T10:21+0000,1.593555584E9,1593555456,1593555712,-,
2017-09-06T10:26+0000,1.593555584E9,1593555456,1593555712,-,
2017-09-06T10:31+0000,1.593555584E9,1593555456,1593555712,-,
2017-09-06T10:36+0000,1.593555584E9,1593555456,1593555712,-,
2017-09-06T10:41+0000,1.593555584E9,1593555456,1593555712,-,
2017-09-06T10:46+0000,1.593555584E9,1593555456,1593555712,-,
2017-09-06T10:51+0000,1.593555584E9,1593555456,1593555712,-,
2017-09-06T10:56+0000,1.593555584E9,1593555456,1593555712,-,
2017-09-06T11:01+0000,1.593555584E9,1593555456,1593555712,-,
2017-09-06T11:06+0000,1.593555584E9,1593555456,1593555712,-,
2017-09-06T11:11+0000,1.593555584E9,1593555456,1593555712,-,
2017-09-06T11:16+0000,1.593555584E9,1593555456,1593555712,-,
2017-09-06T11:21+0000,1.593555584E9,1593555456,1593555712,-,
2017-09-06T11:26+0000,1.593555584E9,1593555456,1593555712,-,
2017-09-06T11:31+0000,1.593555584E9,1593555456,1593555712,-,
2017-09-06T11:36+0000,1.593555584E9,1593555456,1593555712,-,
2017-09-06T11:41+0000,1.593555584E9,1593555456,1593555712,-,
2017-09-06T11:46+0000,1.593555584E9,1593555456,1593555712,-,
2017-09-06T11:51+0000,1.593555584E9,1593555456,1593555712,-,
2017-09-06T11:56+0000,1.593555584E9,1593555456,1593555712,-,
2017-09-06T12:01+0000,1.593555584E9,1593555456,1593555712,-,
2017-09-06T12:06+0000,1.593555584E9,1593555456,1593555712,-,
2017-09-06T12:11+0000,1.593555584E9,1593555456,1593555712,-,
2017-09-06T12:16+0000,1.593555584E9,1593555456,1593555712,-,
2017-09-06T12:21+0000,1.593555584E9,1593555456,1593555712,-,
2017-09-06T12:26+0000,1.593555584E9,1593555456,1593555712,-,
2017-09-06T12:31+0000,1.593555584E9,1593555456,1593555712,-,
2017-09-06T12:36+0000,1.593555584E9,1593555456,1593555712,-,
2017-09-06T12:41+0000,1.593555584E9,1593555456,1593555712,-,
2017-09-06T12:46+0000,1.593555584E9,1593555456,1593555712,-,
2017-09-06T12:51+0000,1.593555584E9,1593555456,1593555712,-,
2017-09-06T12:56+0000,1.593555584E9,1593555456,1593555712,-,
2017-09-06T13:01+0000,1.593555584E9,1593555456,1593555712,-,
2017-09-06T13:06+0000,1.593555584E9,1593555456,1593555712,-,
2017-09-06T13:11+0000,1.593555584E9,1593555456,1593555712,-,
2017-09-06T13:16+0000,1.593555584E9,1593555456,1593555712,-,
2017-09-06T13:21+0000,1.593555584E9,1593555456,1593555712,-,
2017-09-06T13:26+0000,1.593555584E9,1593555456,1593555712,-,
2017-09-06T13:31+0000,1.593555584E9,1593555456,1593555712,-,
2017-09-06T13:36+0000,1.593555584E9,1593555456,1593555712,-,
2017-09-06T13:41+0000,1.593555584E9,1593555456,1593555712,-,
2017-09-06T13:46+0000,1.593555584E9,1593555456,1593555712,-,
2017-09-06T13:51+0000,1.593555584E9,1593555456,1593555712,-,
2017-09-06T13:56+0000,1.593555584E9,1593555456,1593555712,-,
2017-09-06T14:01+0000,1.593555584E9,1593555456,1593555712,-,
2017-09-06T14:06+0000,1.593555584E9,1593555456,1593555712,-,
2017-09-06T14:11+0000,1.593555584E9,1593555456,1593555712,-,
2017-09-06T14:16+0000,1.593555584E9,1593555456,1593555712,-,
2017-09-06T14:21+0000,1.593555584E9,1593555456,1593555712,-,
2017-09-06T14:26+0000,1.593555584E9,1593555456,1593555712,-,
2017-09-06T14:31+0000,1.593555584E9,1593555456,1593555712,-,
2017-09-06T14:36+0000,1.593555584E9,1593555456,1593555712,-,
2017-09-06T14:41+0000,1.593555584E9,1593555456,1593555712,-,
2017-09-06T14:46+0000,1.593555584E9,1593555456,1593555712,-,
2017-09-06T14:51+0000,1.593555584E9,1593555456,1593555712,-,
2017-09-06T14:56+0000,1.593555584E9,1593555456,1593555712,-,
2017-09-06T15:01+0000,1.593555584E9,1593555456,1593555712,-,
2017-09-06T15:06+0000,1.593555584E9,1593555456,1593555712,-,
2017-09-06T15:11+0000,1.593555584E9,1593555456,1593555712,-,
2017-09-06T15:16+0000,1.593555584E9,1593555456,1593555712,-,
2017-09-06T15:21+0000,1.593555584E9,1593555456,1593555712,-,
2017-09-06T15:26+0000,1.593555584E9,1593555456,1593555712,-,
2017-09-06T15:31+0000,1.593555584E9,1593555456,1593555712,-,
2017-09-06T15:36+0000,1.593555584E9,1593555456,1593555712,-,
2017-09-06T15:41+0000,1.593555584E9,1593555456,1593555712,-,
2017-09-06T15:46+0000,1.593555584E9,1593555456,1593555712,-,
2017-09-06T15:51+0000,1.593555584E9,1593555456,1593555712,-,
2017-09-06T15:56+0000,1.593555584E9,1593555456,1593555712,-,
2017-09-06T16:01+0000,1.593555584E9,1593555456,1593555712,-,
2017-09-06T16:06+0000,1.593555584E9,1593555456,1593555712,-,
2017-09-06T16:11+0000,1.593555584E9,1593555456,1593555712,-,
2017-09-06T16:16+0000,1.593555584E9,1593555456,1593555712,-,
2017-09-06T16:21+0000,1.593555584E9,1593555456,1593555712,-,
2017-09-06T16:26+0000,1.593555584E9,1593555456,1593555712,-,
2017-09-06T16:31+0000,1.593555584E9,1593555456,1593555712,-,
2017-09-06T16:36+0000,1.593555584E9,1593555456,1593555712,-,
2017-09-06T16:41+0000,1.593555584E9,1593555456,1593555712,-,
2017-09-06T16:46+0000,1.593555584E9,1593555456,1593555712,-,
2017-09-06T16:51+0000,1.593555584E9,1593555456,1593555712,-,
2017-09-06T16:56+0000,1.593555584E9,1593555456,1593555712,-,
2017-09-06T17:01+0000,1.593555584E9,1593555456,1593555712,-,
2017-09-06T17:06+0000,1.593555584E9,1593555456,1593555712,-,
2017-09-06T17:11+0000,1.593555584E9,1593555456,1593555712,-,
2017-09-06T17:16+0000,1.593555584E9,1593555456,1593555712,-,
2017-09-06T17:21+0000,1.593555584E9,1593555456,1593555712,-,
2017-09-06T17:26+0000,1.593555584E9,1593555456,1593555712,-,
2017-09-06T17:31+0000,1.593555584E9,1593555456,1593555712,-,
2017-09-06T17:36+0000,1.593555584E9,1593555456,1593555712,-,
2017-09-06T17:41+0000,1.593555584E9,1593555456,1593555712,-,
2017-09-06T17:46+0000,1.593555584E9,1593555456,1593555712,-,
2017-09-06T17:51+0000,1.593555584E9,1593555456,1593555712,-,
2017-09-06T17:56+0000,1.593555584E9,1593555456,1593555712,-,
2017-09-06T18:01+0000,1.593555584E9,1593555456,1593555712,-,
2017-09-06T18:06+0000,1.593555584E9,1593555456,1593555712,-,
2017-09-06T18:11+0000,1.593555584E9,1593555456,1593555712,-,
2017-09-06T18:16+0000,1.593555584E9,1593555456,1593555712,-,
2017-09-06T18:21+0000,1.593555584E9,1593555456,1593555712,-,
2017-09-06T18:26+0000,1.593555584E9,1593555456,1593555712,-,
2017-09-06T18:31+0000,1.593555584E9,1593555456,1593555712,-,
2017-09-06T18:36+0000,1.593555584E9,1593555456,1593555712,-,
2017-09-06T18:41+0000,1.593555584E9,1593555456,1593555712,-,
2017-09-06T18:46+0000,1.593555584E9,1593555456,1593555712,-,
2017-09-06T18:51+0000,1.593555584E9,1593555456,1593555712,-,
2017-09-06T18:56+0000,1.593555584E9,1593555456,1593555712,-,
2017-09-06T19:01+0000,1.593555584E9,1593555456,1593555712,-,
2017-09-06T19:06+0000,1.593555584E9,1593555456,1593555712,-,
2017-09-06T19:11+0000,1.593555584E9,1593555456,1593555712,-,
2017-09-06T19:16+0000,1.593555584E9,1593555456,1593555712,-,
2017-09-06T19:21+0000,1.593555584E9,1593555456,1593555712,-,
2017-09-06T19:26+0000,1.593555584E9,1593555456,1593555712,-,
2017-09-06T19:31+0000,1.593555584E9,1593555456,1593555712,-,
2017-09-06T19:36+0000,1.593555584E9,1593555456,1593555712,-,
2017-09-06T19:41+0000,1.593555584E9,1593555456,1593555712,-,
2017-09-06T19:46+0000,1.593555584E9,1593555456,1593555712,-,
2017-09-06T19:51+0000,1.593555584E9,1593555456,1593555712,-,
2017-09-06T19:56+0000,1.593555584E9,1593555456,1593555712,-,
2017-09-06T20:01+0000,1.593555584E9,1593555456,1593555712,-,
2017-09-06T20:06+0000,1.593555584E9,1593555456,1593555712,-,
2017-09-06T20:11+0000,1.593555584E9,1593555456,1593555712,-,
2017-09-06T20:16+0000,1.593555584E9,1593555456,1593555712,-,
2017-09-06T20:21+0000,1.593555584E9,1593555456,1593555712,-,
2017-09-06T20:26+0000,1.593555584E9,1593555456,1593555712,-,
2017-09-06T20:31+0000,1.593555584E9,1593555456,1593555712,-,
2017-09-06T21:05+0000,1.593555584E9,1593555456,1593555712,-,
2017-09-06T21:10+0000,1.593555584E9,1593555456,1593555712,-,
2017-09-06T21:15+0000,1.593555584E9,1593555456,1593555712,-,
2017-09-06T21:20+0000,1.593555584E9,1593555456,1593555712,-,
2017-09-06T21:25+0000,1.593555584E9,1593555456,1593555712,-,
2017-09-06T21:30+0000,1.593555584E9,1593555456,1593555712,-,
2017-09-06T21:35+0000,1.593555584E9,1593555456,1593555712,-,
2017-09-06T21:40+0000,1.593555584E9,1593555456,1593555712,-,
2017-09-06T21:45+0000,1.593555584E9,1593555456,1593555712,-,
2017-09-06T21:50+0000,1.593555584E9,1593555456,1593555712,-,
2017-09-06T21:55+0000,1.593555584E9,1593555456,1593555712,-,
2017-09-06T22:00+0000,1.593555584E9,1593555456,1593555712,-,
2017-09-06T22:05+0000,1.593555584E9,1593555456,1593555712,-,
2017-09-06T22:10+0000,1.593555584E9,1593555456,1593555712,-,
2017-09-06T22:15+0000,1.593555584E9,1593555456,1593555712,-,
2017-09-06T22:20+0000,1.593555584E9,1593555456,1593555712,-,
2017-09-06T22:25+0000,1.593555584E9,1593555456,1593555712,-,
2017-09-06T22:30+0000,1.593555584E9,1593555456,1593555712,-,
2017-09-06T22:35+0000,1.593555584E9,1593555456,1593555712,-,
2017-09-06T22:40+0000,1.593555584E9,1593555456,1593555712,-,
2017-09-06T22:45+0000,1.593555584E9,1593555456,1593555712,-,
2017-09-06T22:50+0000,1.593555584E9,1593555456,1593555712,-,
2017-09-06T22:55+0000,1.593555584E9,1593555456,1593555712,-,
2017-09-06T23:00+0000,1.593555584E9,1593555456,1593555712,-,
2017-09-06T23:05+0000,1.593555584E9,1593555456,1593555712,-,
