ES-CIQDEV-Clust2 - CPU|Demand (MHz)

Date & Time,Value,Low DT,High DT,Smooth,
2017-09-02T15:24+0000,65669.65625,-,-,-,
2017-09-02T15:29+0000,65636.0390625,-,-,-,
2017-09-02T15:34+0000,65640.0859375,-,-,-,
2017-09-02T15:39+0000,65474.11328125,-,-,-,
2017-09-02T15:44+0000,65521.63671875,-,-,-,
2017-09-02T15:49+0000,66026.5078125,-,-,-,
2017-09-02T15:54+0000,65794.9140625,-,-,-,
2017-09-02T15:59+0000,66252.9375,-,-,-,
2017-09-02T16:04+0000,65549.9140625,-,-,-,
2017-09-02T16:09+0000,65907.90625,-,-,-,
2017-09-02T16:14+0000,65806.9375,-,-,-,
2017-09-02T16:19+0000,65526.4453125,-,-,-,
2017-09-02T16:24+0000,65660.6796875,-,-,-,
2017-09-02T16:29+0000,65583.1796875,-,-,-,
2017-09-02T16:34+0000,65654.1640625,-,-,-,
2017-09-02T16:39+0000,65725.453125,-,-,-,
2017-09-02T16:44+0000,65627.828125,-,-,-,
2017-09-02T16:49+0000,65942.5859375,-,-,-,
2017-09-02T16:54+0000,65488.01953125,-,-,-,
2017-09-02T16:59+0000,66322.6953125,-,-,-,
2017-09-02T17:04+0000,65615.4453125,-,-,-,
2017-09-02T17:09+0000,65743.875,-,-,-,
2017-09-02T17:14+0000,65425.828125,-,-,-,
2017-09-02T17:19+0000,65379.48046875,-,-,-,
2017-09-02T17:24+0000,65701.28125,-,-,-,
2017-09-02T17:29+0000,65586.4609375,-,-,-,
2017-09-02T17:34+0000,65718.234375,-,-,-,
2017-09-02T17:39+0000,65490.953125,-,-,-,
2017-09-02T17:44+0000,65577.015625,-,-,-,
2017-09-02T17:49+0000,65679.6875,-,-,-,
2017-09-02T17:54+0000,65436.2734375,-,-,-,
2017-09-02T17:59+0000,65602.3046875,-,-,-,
2017-09-02T18:04+0000,66015.859375,-,-,-,
2017-09-02T18:09+0000,65605.53125,-,-,-,
2017-09-02T18:14+0000,65817.03125,-,-,-,
2017-09-02T18:19+0000,65515.65234375,-,-,-,
2017-09-02T18:24+0000,65510.01953125,-,-,-,
2017-09-02T18:29+0000,65546.5703125,-,-,-,
2017-09-02T18:34+0000,65529.49609375,-,-,-,
2017-09-02T18:39+0000,65885.1484375,-,-,-,
2017-09-02T18:44+0000,65548.796875,-,-,-,
2017-09-02T18:49+0000,65906.5625,-,-,-,
2017-09-02T18:54+0000,65073.390625,-,-,-,
2017-09-02T18:59+0000,66081.390625,-,-,-,
2017-09-02T19:04+0000,65339.3515625,-,-,-,
2017-09-02T19:09+0000,66597.5,-,-,-,
2017-09-02T19:14+0000,66255.40625,-,-,-,
2017-09-02T19:19+0000,65815.15625,-,-,-,
2017-09-02T19:24+0000,65372.96875,-,-,-,
2017-09-02T19:29+0000,65552.90625,-,-,-,
2017-09-02T19:34+0000,65548.2109375,-,-,-,
2017-09-02T19:39+0000,65544.046875,-,-,-,
2017-09-02T19:44+0000,65539.296875,-,-,-,
2017-09-02T19:49+0000,65735.3046875,-,-,-,
2017-09-02T19:54+0000,65850.4765625,-,-,-,
2017-09-02T19:59+0000,65714.59375,-,-,-,
2017-09-02T20:04+0000,65733.71875,-,-,-,
2017-09-02T20:09+0000,65735.5390625,-,-,-,
2017-09-02T20:14+0000,65707.1484375,-,-,-,
2017-09-02T20:19+0000,65461.96875,-,-,-,
2017-09-02T20:24+0000,65529.49609375,-,-,-,
2017-09-02T20:29+0000,65507.26171875,-,-,-,
2017-09-02T20:34+0000,65472.765625,-,-,-,
2017-09-02T20:39+0000,65845.4296875,-,-,-,
2017-09-02T20:44+0000,65626.890625,-,-,-,
2017-09-02T20:49+0000,66114.25,-,-,-,
2017-09-02T20:54+0000,65713.25,-,-,-,
2017-09-02T20:59+0000,66321.9921875,-,-,-,
2017-09-02T21:04+0000,65738.9453125,-,-,-,
2017-09-02T21:09+0000,65962.0625,-,-,-,
2017-09-02T21:14+0000,65473.703125,-,-,-,
2017-09-02T21:19+0000,65471.00390625,-,-,-,
2017-09-02T21:24+0000,65565.9296875,-,-,-,
2017-09-02T21:29+0000,65620.375,-,-,-,
2017-09-02T21:34+0000,65775.0234375,-,-,-,
2017-09-02T21:39+0000,65680.3359375,-,-,-,
2017-09-02T21:44+0000,65642.90625,-,-,-,
2017-09-02T21:49+0000,66216.5078125,-,-,-,
2017-09-02T21:54+0000,65726.09375,-,-,-,
2017-09-02T21:59+0000,66243.0234375,-,-,-,
2017-09-02T22:04+0000,66047.484375,-,-,-,
2017-09-02T22:09+0000,65883.2109375,-,-,-,
2017-09-02T22:14+0000,65725.8046875,-,-,-,
2017-09-02T22:19+0000,65427.23828125,-,-,-,
2017-09-02T22:24+0000,65633.8125,-,-,-,
2017-09-02T22:29+0000,65602.65625,-,-,-,
2017-09-02T22:34+0000,65579.015625,-,-,-,
2017-09-02T22:39+0000,65799.078125,-,-,-,
2017-09-02T22:44+0000,65605.0625,-,-,-,
2017-09-02T22:49+0000,66250.4765625,-,-,-,
2017-09-02T22:54+0000,65656.1640625,-,-,-,
2017-09-02T22:59+0000,66430.296875,-,-,-,
2017-09-02T23:04+0000,65789.4609375,-,-,-,
2017-09-02T23:09+0000,65756.1953125,-,-,-,
2017-09-02T23:14+0000,66081.8046875,-,-,-,
2017-09-02T23:19+0000,65576.78125,-,-,-,
2017-09-02T23:24+0000,65545.046875,-,-,-,
2017-09-02T23:29+0000,65584.3515625,-,-,-,
2017-09-02T23:34+0000,65707.5,-,-,-,
2017-09-02T23:39+0000,65576.078125,-,-,-,
2017-09-02T23:44+0000,65610.984375,-,-,-,
2017-09-02T23:49+0000,65949.328125,-,-,-,
2017-09-02T23:54+0000,65316.765625,-,-,-,
2017-09-02T23:59+0000,65957.3125,-,-,-,
2017-09-03T00:04+0000,65897.5234375,-,-,-,
2017-09-03T00:09+0000,65962.765625,-,-,-,
2017-09-03T00:14+0000,65812.3984375,-,-,-,
2017-09-03T00:19+0000,65606.53125,-,-,-,
2017-09-03T00:24+0000,65558.421875,-,-,-,
2017-09-03T00:29+0000,65561.234375,-,-,-,
2017-09-03T00:34+0000,65556.546875,-,-,-,
2017-09-03T00:39+0000,65859.453125,-,-,-,
2017-09-03T00:44+0000,65625.828125,-,-,-,
2017-09-03T00:49+0000,66052.6484375,-,-,-,
2017-09-03T00:54+0000,65548.5625,-,-,-,
2017-09-03T00:59+0000,66343.46875,-,-,-,
2017-09-03T01:04+0000,65548.0390625,-,-,-,
2017-09-03T01:09+0000,66716.65625,-,-,-,
2017-09-03T01:14+0000,65718.8203125,-,-,-,
2017-09-03T01:19+0000,65516.47265625,-,-,-,
2017-09-03T01:24+0000,65552.90625,-,-,-,
2017-09-03T01:29+0000,65584.5859375,-,-,-,
2017-09-03T01:34+0000,65558.3046875,-,-,-,
2017-09-03T01:39+0000,65746.28125,-,-,-,
2017-09-03T01:44+0000,65237.6796875,-,-,-,
2017-09-03T01:49+0000,66073.296875,-,-,-,
2017-09-03T01:54+0000,65105.37890625,-,-,-,
2017-09-03T01:59+0000,66170.390625,-,-,-,
2017-09-03T02:04+0000,66259.1015625,-,-,-,
2017-09-03T02:09+0000,65704.6796875,-,-,-,
2017-09-03T02:14+0000,65761.7109375,-,-,-,
2017-09-03T02:19+0000,65492.06640625,-,-,-,
2017-09-03T02:24+0000,65485.671875,-,-,-,
2017-09-03T02:29+0000,65521.22265625,-,-,-,
2017-09-03T02:34+0000,65340.11328125,-,-,-,
2017-09-03T02:39+0000,66009.46875,-,-,-,
2017-09-03T02:44+0000,65641.5546875,-,-,-,
2017-09-03T02:49+0000,65891.640625,-,-,-,
2017-09-03T02:54+0000,65687.9609375,-,-,-,
2017-09-03T02:59+0000,66271.4765625,-,-,-,
2017-09-03T03:04+0000,66113.8984375,-,-,-,
2017-09-03T03:09+0000,66332.4921875,-,-,-,
2017-09-03T03:14+0000,65962.3515625,-,-,-,
2017-09-03T03:19+0000,65517.05859375,-,-,-,
2017-09-03T03:24+0000,65453.16796875,-,-,-,
2017-09-03T03:29+0000,65550.265625,-,-,-,
2017-09-03T03:34+0000,65489.25,-,-,-,
2017-09-03T03:39+0000,65517.0,-,-,-,
2017-09-03T03:44+0000,65608.2265625,-,-,-,
2017-09-03T03:49+0000,66166.7265625,-,-,-,
2017-09-03T03:54+0000,66048.0078125,-,-,-,
2017-09-03T03:59+0000,65763.875,-,-,-,
2017-09-03T04:04+0000,66297.0625,-,-,-,
2017-09-03T04:09+0000,65676.9921875,-,-,-,
2017-09-03T04:14+0000,65805.828125,-,-,-,
2017-09-03T04:19+0000,65567.8046875,-,-,-,
2017-09-03T04:24+0000,65578.015625,-,-,-,
2017-09-03T04:29+0000,65486.55078125,-,-,-,
2017-09-03T04:34+0000,65544.984375,-,-,-,
2017-09-03T04:39+0000,65924.921875,-,-,-,
2017-09-03T04:44+0000,65623.65625,-,-,-,
2017-09-03T04:49+0000,65977.609375,-,-,-,
2017-09-03T04:54+0000,65504.38671875,-,-,-,
2017-09-03T04:59+0000,66293.015625,-,-,-,
2017-09-03T05:04+0000,65873.765625,-,-,-,
2017-09-03T05:09+0000,66378.5546875,-,-,-,
2017-09-03T05:14+0000,65571.5625,-,-,-,
2017-09-03T05:19+0000,65456.51171875,-,-,-,
2017-09-03T05:24+0000,65725.0390625,-,-,-,
2017-09-03T05:29+0000,65650.53125,-,-,-,
2017-09-03T05:34+0000,65578.484375,-,-,-,
2017-09-03T05:39+0000,65845.1328125,-,-,-,
2017-09-03T05:44+0000,65702.15625,-,-,-,
2017-09-03T05:49+0000,66102.28125,-,-,-,
2017-09-03T05:54+0000,65283.32421875,-,-,-,
2017-09-03T05:59+0000,66494.2734375,-,-,-,
2017-09-03T06:04+0000,66360.125,-,-,-,
2017-09-03T06:09+0000,65813.3359375,-,-,-,
2017-09-03T06:14+0000,65391.9765625,-,-,-,
2017-09-03T06:19+0000,65599.1328125,-,-,-,
2017-09-03T06:24+0000,65689.78125,-,-,-,
2017-09-03T06:29+0000,65594.796875,-,-,-,
2017-09-03T06:34+0000,65711.6640625,-,-,-,
2017-09-03T06:39+0000,66046.4296875,-,-,-,
2017-09-03T06:44+0000,65513.421875,-,-,-,
2017-09-03T06:49+0000,65341.875,-,-,-,
2017-09-03T06:54+0000,66219.3203125,-,-,-,
2017-09-03T06:59+0000,65345.39453125,-,-,-,
2017-09-03T07:04+0000,65948.390625,-,-,-,
2017-09-03T07:09+0000,66073.296875,-,-,-,
2017-09-03T07:14+0000,66195.328125,-,-,-,
2017-09-03T07:19+0000,65617.3828125,-,-,-,
2017-09-03T07:24+0000,65685.734375,-,-,-,
2017-09-03T07:29+0000,65331.8984375,-,-,-,
2017-09-03T07:34+0000,65676.640625,-,-,-,
2017-09-03T07:39+0000,65588.3984375,-,-,-,
2017-09-03T07:44+0000,65672.828125,-,-,-,
2017-09-03T07:49+0000,66428.1875,-,-,-,
2017-09-03T07:54+0000,65607.640625,-,-,-,
2017-09-03T07:59+0000,65748.2734375,-,-,-,
2017-09-03T08:04+0000,66442.265625,-,-,-,
2017-09-03T08:09+0000,66215.2890625,-,-,-,
2017-09-03T08:14+0000,65984.9453125,-,-,-,
2017-09-03T08:19+0000,65278.8046875,-,-,-,
2017-09-03T08:24+0000,65279.21484375,-,-,-,
2017-09-03T08:29+0000,65545.1640625,-,-,-,
2017-09-03T08:34+0000,65205.64453125,-,-,-,
2017-09-03T08:39+0000,65574.96875,-,-,-,
2017-09-03T08:44+0000,65318.5234375,-,-,-,
2017-09-03T08:49+0000,65325.03515625,-,-,-,
2017-09-03T08:54+0000,65668.6015625,-,-,-,
2017-09-03T08:59+0000,65366.6328125,-,-,-,
2017-09-03T09:04+0000,65592.7421875,-,-,-,
2017-09-03T09:09+0000,65489.19140625,-,-,-,
2017-09-03T09:14+0000,65049.52734375,-,-,-,
2017-09-03T09:19+0000,65256.1015625,-,-,-,
2017-09-03T09:24+0000,65412.21875,-,-,-,
2017-09-03T09:29+0000,65332.25390625,-,-,-,
2017-09-03T09:34+0000,65198.78125,-,-,-,
2017-09-03T09:39+0000,65423.89453125,-,-,-,
2017-09-03T09:44+0000,65345.3359375,-,-,-,
2017-09-03T09:49+0000,65636.8046875,-,-,-,
2017-09-03T09:54+0000,65031.3984375,-,-,-,
2017-09-03T09:59+0000,65437.5625,-,-,-,
2017-09-03T10:04+0000,65068.2421875,-,-,-,
2017-09-03T10:09+0000,65298.98828125,-,-,-,
2017-09-03T10:14+0000,65250.52734375,-,-,-,
2017-09-03T10:19+0000,65200.48046875,-,-,-,
2017-09-03T10:24+0000,65200.89453125,-,-,-,
2017-09-03T10:29+0000,65297.51953125,-,-,-,
2017-09-03T10:34+0000,65127.91015625,-,-,-,
2017-09-03T10:39+0000,65407.23046875,-,-,-,
2017-09-03T10:44+0000,65293.1796875,-,-,-,
2017-09-03T10:49+0000,65832.40625,-,-,-,
2017-09-03T10:54+0000,65443.95703125,-,-,-,
2017-09-03T10:59+0000,65926.9765625,-,-,-,
2017-09-03T11:04+0000,65188.27734375,-,-,-,
2017-09-03T11:09+0000,66225.8359375,-,-,-,
2017-09-03T11:14+0000,65720.578125,-,-,-,
2017-09-03T11:19+0000,65043.484375,-,-,-,
2017-09-03T11:24+0000,65391.44921875,-,-,-,
2017-09-03T11:29+0000,65243.8984375,-,-,-,
2017-09-03T11:34+0000,65269.41796875,-,-,-,
2017-09-03T11:39+0000,65249.17578125,-,-,-,
2017-09-03T11:44+0000,65350.02734375,-,-,-,
2017-09-03T11:49+0000,65684.0859375,-,-,-,
2017-09-03T11:54+0000,65148.20703125,-,-,-,
2017-09-03T11:59+0000,65245.421875,-,-,-,
2017-09-03T12:04+0000,65908.3828125,-,-,-,
2017-09-03T12:09+0000,65921.8125,-,-,-,
2017-09-03T12:14+0000,65362.23046875,-,-,-,
2017-09-03T12:19+0000,65200.77734375,-,-,-,
2017-09-03T12:24+0000,65271.8828125,-,-,-,
2017-09-03T12:29+0000,65266.3671875,-,-,-,
2017-09-03T12:34+0000,65241.9609375,-,-,-,
2017-09-03T12:39+0000,65515.88671875,-,-,-,
2017-09-03T12:44+0000,65175.72265625,-,-,-,
2017-09-03T12:49+0000,65570.7421875,-,-,-,
2017-09-03T12:54+0000,65157.59375,-,-,-,
2017-09-03T12:59+0000,65655.046875,-,-,-,
2017-09-03T13:04+0000,65037.8515625,-,-,-,
2017-09-03T13:09+0000,65806.1796875,-,-,-,
2017-09-03T13:14+0000,65379.94921875,-,-,-,
2017-09-03T13:19+0000,64956.59765625,-,-,-,
2017-09-03T13:24+0000,65408.28515625,-,-,-,
2017-09-03T13:29+0000,65337.35546875,-,-,-,
2017-09-03T13:34+0000,65532.72265625,-,-,-,
2017-09-03T13:39+0000,65529.26171875,-,-,-,
2017-09-03T13:44+0000,65372.1484375,-,-,-,
2017-09-03T13:49+0000,65790.6328125,-,-,-,
2017-09-03T13:54+0000,65245.421875,-,-,-,
2017-09-03T13:59+0000,65014.85546875,-,-,-,
2017-09-03T14:04+0000,65962.46875,-,-,-,
2017-09-03T14:09+0000,65283.5,-,-,-,
2017-09-03T14:14+0000,65240.84765625,-,-,-,
2017-09-03T14:19+0000,65442.84375,-,-,-,
2017-09-03T14:24+0000,65235.15625,-,-,-,
2017-09-03T14:29+0000,65188.515625,-,-,-,
2017-09-03T14:34+0000,65306.0859375,-,-,-,
2017-09-03T14:39+0000,65533.1328125,-,-,-,
2017-09-03T14:44+0000,65164.75390625,-,-,-,
2017-09-03T14:49+0000,65801.78125,-,-,-,
2017-09-03T14:54+0000,65143.92578125,-,-,-,
2017-09-03T14:59+0000,65833.28125,-,-,-,
2017-09-03T15:04+0000,65303.9140625,-,-,-,
2017-09-03T15:09+0000,66049.4765625,-,-,-,
2017-09-03T15:14+0000,65766.046875,-,-,-,
2017-09-03T15:19+0000,65195.37890625,-,-,-,
2017-09-03T15:24+0000,65239.49609375,-,-,-,
2017-09-03T15:29+0000,65181.1796875,-,-,-,
2017-09-03T15:34+0000,65279.33203125,-,-,-,
2017-09-03T15:39+0000,65293.4140625,-,-,-,
2017-09-03T15:44+0000,65245.71484375,-,-,-,
2017-09-03T15:49+0000,65644.6015625,-,-,-,
2017-09-03T15:54+0000,64932.77734375,-,-,-,
2017-09-03T15:59+0000,65458.06640625,-,-,-,
2017-09-03T16:04+0000,65329.37890625,-,-,-,
2017-09-03T16:09+0000,65623.65625,-,-,-,
2017-09-03T16:14+0000,65198.4296875,-,-,-,
2017-09-03T16:19+0000,65175.01953125,-,-,-,
2017-09-03T16:24+0000,65028.9921875,-,-,-,
2017-09-03T16:29+0000,65103.26953125,-,-,-,
2017-09-03T16:34+0000,64993.91015625,-,-,-,
2017-09-03T16:39+0000,65305.20703125,-,-,-,
2017-09-03T16:44+0000,65175.95703125,-,-,-,
2017-09-03T16:49+0000,65728.9140625,-,-,-,
2017-09-03T16:54+0000,65116.9375,-,-,-,
2017-09-03T16:59+0000,65896.296875,-,-,-,
2017-09-03T17:04+0000,64946.91796875,-,-,-,
2017-09-03T17:09+0000,61687.3984375,-,-,-,
2017-09-03T17:14+0000,51393.96875,-,-,-,
2017-09-03T17:19+0000,49755.5234375,-,-,-,
2017-09-03T17:24+0000,50372.8359375,-,-,-,
2017-09-03T17:29+0000,50206.8046875,-,-,-,
2017-09-03T17:34+0000,50400.17578125,-,-,-,
2017-09-03T17:39+0000,50462.484375,-,-,-,
2017-09-03T17:44+0000,51074.3984375,-,-,-,
2017-09-03T17:49+0000,50601.3515625,-,-,-,
2017-09-03T17:54+0000,52819.6171875,-,-,-,
2017-09-03T17:59+0000,51726.03125,-,-,-,
2017-09-03T18:04+0000,51289.125,-,-,-,
2017-09-03T18:09+0000,51203.17578125,-,-,-,
2017-09-03T18:14+0000,51589.6875,-,-,-,
2017-09-03T18:19+0000,50387.97265625,-,-,-,
2017-09-03T18:24+0000,49654.96875,-,-,-,
2017-09-03T18:29+0000,49467.2265625,-,-,-,
2017-09-03T18:34+0000,48839.6484375,-,-,-,
2017-09-03T18:39+0000,50365.9140625,-,-,-,
2017-09-03T18:44+0000,48722.07421875,-,-,-,
2017-09-03T18:49+0000,50243.8828125,-,-,-,
2017-09-03T18:54+0000,49044.8125,-,-,-,
2017-09-03T18:59+0000,49355.34765625,-,-,-,
2017-09-03T19:04+0000,49214.77734375,-,-,-,
2017-09-03T19:09+0000,49863.359375,-,-,-,
2017-09-03T19:14+0000,50735.19140625,-,-,-,
2017-09-03T19:19+0000,48285.875,-,-,-,
2017-09-03T19:24+0000,48024.73828125,-,-,-,
2017-09-03T19:29+0000,48627.32421875,-,-,-,
2017-09-03T19:34+0000,47710.390625,-,-,-,
2017-09-03T19:39+0000,48505.29296875,-,-,-,
2017-09-03T19:44+0000,47818.98828125,-,-,-,
2017-09-03T19:49+0000,48664.875,-,-,-,
2017-09-03T19:54+0000,48071.3203125,-,-,-,
2017-09-03T19:59+0000,48162.66796875,-,-,-,
2017-09-03T20:04+0000,47733.91796875,-,-,-,
2017-09-03T20:09+0000,48896.0859375,-,-,-,
2017-09-03T20:14+0000,47779.50390625,-,-,-,
2017-09-03T20:19+0000,48014.00390625,-,-,-,
2017-09-03T20:24+0000,48001.328125,-,-,-,
2017-09-03T20:29+0000,47979.15234375,-,-,-,
2017-09-03T20:34+0000,47729.10546875,-,-,-,
2017-09-03T20:39+0000,47863.35546875,-,-,-,
2017-09-03T20:44+0000,48308.4609375,-,-,-,
2017-09-03T20:49+0000,48112.80078125,-,-,-,
2017-09-03T20:54+0000,48094.671875,-,-,-,
2017-09-03T20:59+0000,49063.41015625,-,-,-,
2017-09-03T21:04+0000,48641.34765625,-,-,-,
2017-09-03T21:09+0000,49036.01171875,-,-,-,
2017-09-03T21:14+0000,50253.328125,-,-,-,
2017-09-03T21:19+0000,50136.16796875,-,-,-,
2017-09-03T21:24+0000,49650.859375,-,-,-,
2017-09-03T21:29+0000,49307.35546875,-,-,-,
2017-09-03T21:34+0000,49678.84375,-,-,-,
2017-09-03T21:39+0000,49026.390625,-,-,-,
2017-09-03T21:44+0000,49283.0078125,-,-,-,
2017-09-03T21:49+0000,50285.71484375,-,-,-,
2017-09-03T21:54+0000,49106.47265625,-,-,-,
2017-09-03T21:59+0000,49539.21484375,-,-,-,
2017-09-03T22:04+0000,48648.2109375,-,-,-,
2017-09-03T22:09+0000,49517.44921875,-,-,-,
2017-09-03T22:14+0000,49142.37890625,-,-,-,
2017-09-03T22:19+0000,49192.59765625,-,-,-,
2017-09-03T22:24+0000,48622.92578125,-,-,-,
2017-09-03T22:29+0000,49276.37890625,-,-,-,
2017-09-03T22:34+0000,49390.8984375,-,-,-,
2017-09-03T22:39+0000,48129.28515625,-,-,-,
2017-09-03T22:44+0000,47856.53515625,-,-,-,
2017-09-03T22:49+0000,48938.15234375,-,-,-,
2017-09-03T22:54+0000,47735.85546875,-,-,-,
2017-09-03T22:59+0000,48494.03125,-,-,-,
2017-09-03T23:04+0000,47871.4375,-,-,-,
2017-09-03T23:09+0000,49160.56640625,-,-,-,
2017-09-03T23:14+0000,48784.44140625,-,-,-,
2017-09-03T23:19+0000,48169.59375,-,-,-,
2017-09-03T23:24+0000,48325.828125,-,-,-,
2017-09-03T23:29+0000,47889.44921875,-,-,-,
2017-09-03T23:34+0000,47826.49609375,-,-,-,
2017-09-03T23:39+0000,48092.44140625,-,-,-,
2017-09-03T23:44+0000,47963.95703125,-,-,-,
2017-09-03T23:49+0000,48605.91015625,-,-,-,
2017-09-03T23:54+0000,47779.09375,-,-,-,
2017-09-03T23:59+0000,48024.85546875,-,-,-,
2017-09-04T00:04+0000,48075.37109375,-,-,-,
2017-09-04T00:09+0000,48216.64453125,-,-,-,
2017-09-04T00:14+0000,48124.06640625,-,-,-,
2017-09-04T00:19+0000,47835.35546875,-,-,-,
2017-09-04T00:24+0000,47872.609375,-,-,-,
2017-09-04T00:29+0000,47897.25,-,-,-,
2017-09-04T00:34+0000,47871.4375,-,-,-,
2017-09-04T00:39+0000,48197.05078125,-,-,-,
2017-09-04T00:44+0000,48024.97265625,-,-,-,
2017-09-04T00:49+0000,48766.1953125,-,-,-,
2017-09-04T00:54+0000,47920.42578125,-,-,-,
2017-09-04T00:59+0000,48332.33984375,-,-,-,
2017-09-04T01:04+0000,48325.828125,-,-,-,
2017-09-04T01:09+0000,48334.0390625,-,-,-,
2017-09-04T01:14+0000,48011.01171875,-,-,-,
2017-09-04T01:19+0000,47978.68359375,-,-,-,
2017-09-04T01:24+0000,48054.015625,-,-,-,
2017-09-04T01:29+0000,47824.03125,-,-,-,
2017-09-04T01:34+0000,48088.27734375,-,-,-,
2017-09-04T01:39+0000,47846.73828125,-,-,-,
2017-09-04T01:44+0000,47754.86328125,-,-,-,
2017-09-04T01:49+0000,48546.12890625,-,-,-,
2017-09-04T01:54+0000,47947.94140625,-,-,-,
2017-09-04T01:59+0000,48192.00390625,-,-,-,
2017-09-04T02:04+0000,47757.97265625,-,-,-,
2017-09-04T02:09+0000,47978.5078125,-,-,-,
2017-09-04T02:14+0000,47754.453125,-,-,-,
2017-09-04T02:19+0000,47939.66796875,-,-,-,
2017-09-04T02:24+0000,47871.14453125,-,-,-,
2017-09-04T02:29+0000,47848.37890625,-,-,-,
2017-09-04T02:34+0000,48035.4765625,-,-,-,
2017-09-04T02:39+0000,48256.71484375,-,-,-,
2017-09-04T02:44+0000,47900.41796875,-,-,-,
2017-09-04T02:49+0000,48770.53515625,-,-,-,
2017-09-04T02:54+0000,47706.16796875,-,-,-,
2017-09-04T02:59+0000,48480.2421875,-,-,-,
2017-09-04T03:04+0000,47581.61328125,-,-,-,
2017-09-04T03:09+0000,49208.79296875,-,-,-,
2017-09-04T03:14+0000,48550.87890625,-,-,-,
2017-09-04T03:19+0000,47865.453125,-,-,-,
2017-09-04T03:24+0000,47955.98046875,-,-,-,
2017-09-04T03:29+0000,47804.4375,-,-,-,
2017-09-04T03:34+0000,47765.83203125,-,-,-,
2017-09-04T03:39+0000,47859.87890625,-,-,-,
2017-09-04T03:44+0000,47763.6640625,-,-,-,
2017-09-04T03:49+0000,48605.1484375,-,-,-,
2017-09-04T03:54+0000,48013.23828125,-,-,-,
2017-09-04T03:59+0000,48360.20703125,-,-,-,
2017-09-04T04:04+0000,48033.36328125,-,-,-,
2017-09-04T04:09+0000,48484.64453125,-,-,-,
2017-09-04T04:14+0000,47698.59765625,-,-,-,
2017-09-04T04:19+0000,47738.08203125,-,-,-,
2017-09-04T04:24+0000,47903.234375,-,-,-,
2017-09-04T04:29+0000,47886.8671875,-,-,-,
2017-09-04T04:34+0000,47817.05078125,-,-,-,
2017-09-04T04:39+0000,48201.390625,-,-,-,
2017-09-04T04:44+0000,47775.16015625,-,-,-,
2017-09-04T04:49+0000,48797.5234375,-,-,-,
2017-09-04T04:54+0000,48008.13671875,-,-,-,
2017-09-04T04:59+0000,48306.171875,-,-,-,
2017-09-04T05:04+0000,48107.6953125,-,-,-,
2017-09-04T05:09+0000,48659.4765625,-,-,-,
2017-09-04T05:14+0000,47949.171875,-,-,-,
2017-09-04T05:19+0000,48099.30859375,-,-,-,
2017-09-04T05:24+0000,47859.1171875,-,-,-,
2017-09-04T05:29+0000,47999.86328125,-,-,-,
2017-09-04T05:34+0000,47840.9296875,-,-,-,
2017-09-04T05:39+0000,48090.68359375,-,-,-,
2017-09-04T05:44+0000,48416.703125,-,-,-,
2017-09-04T05:49+0000,48712.921875,-,-,-,
2017-09-04T05:54+0000,47894.08203125,-,-,-,
2017-09-04T05:59+0000,47894.96484375,-,-,-,
2017-09-04T06:04+0000,48457.24609375,-,-,-,
2017-09-04T06:09+0000,47899.421875,-,-,-,
2017-09-04T06:14+0000,47917.2578125,-,-,-,
2017-09-04T06:19+0000,47979.328125,-,-,-,
2017-09-04T06:24+0000,47821.921875,-,-,-,
2017-09-04T06:29+0000,48034.828125,-,-,-,
2017-09-04T06:34+0000,47864.3984375,-,-,-,
2017-09-04T06:39+0000,48462.640625,-,-,-,
2017-09-04T06:44+0000,49143.11328125,-,-,-,
2017-09-04T06:49+0000,49343.671875,-,-,-,
2017-09-04T06:54+0000,48227.0859375,-,-,-,
2017-09-04T06:59+0000,47982.203125,-,-,-,
2017-09-04T07:04+0000,48198.92578125,-,-,-,
2017-09-04T07:09+0000,48505.765625,-,-,-,
2017-09-04T07:14+0000,48918.20703125,-,-,-,
2017-09-04T07:19+0000,49023.515625,-,-,-,
2017-09-04T07:24+0000,48260.8203125,-,-,-,
2017-09-04T07:29+0000,48017.171875,-,-,-,
2017-09-04T07:34+0000,49847.87109375,-,-,-,
2017-09-04T07:39+0000,49286.99609375,-,-,-,
2017-09-04T07:44+0000,47928.7578125,-,-,-,
2017-09-04T07:49+0000,48688.10546875,-,-,-,
2017-09-04T07:54+0000,48494.734375,-,-,-,
2017-09-04T07:59+0000,48387.3125,-,-,-,
2017-09-04T08:04+0000,48759.80078125,-,-,-,
2017-09-04T08:09+0000,48046.328125,-,-,-,
2017-09-04T08:14+0000,48442.75390625,-,-,-,
2017-09-04T08:19+0000,47796.8125,-,-,-,
2017-09-04T08:24+0000,48267.74609375,-,-,-,
2017-09-04T08:29+0000,47920.71875,-,-,-,
2017-09-04T08:34+0000,47751.87109375,-,-,-,
2017-09-04T08:39+0000,48403.9140625,-,-,-,
2017-09-04T08:44+0000,48403.50390625,-,-,-,
2017-09-04T08:49+0000,48892.390625,-,-,-,
2017-09-04T08:54+0000,47894.5546875,-,-,-,
2017-09-04T08:59+0000,48324.65234375,-,-,-,
2017-09-04T09:04+0000,47740.078125,-,-,-,
2017-09-04T09:09+0000,48563.43359375,-,-,-,
2017-09-04T09:14+0000,47750.51953125,-,-,-,
2017-09-04T09:19+0000,47731.04296875,-,-,-,
2017-09-04T09:24+0000,47923.76953125,-,-,-,
2017-09-04T09:29+0000,47879.828125,-,-,-,
2017-09-04T09:34+0000,47794.0546875,-,-,-,
2017-09-04T09:39+0000,48097.60546875,-,-,-,
2017-09-04T09:44+0000,47774.69140625,-,-,-,
2017-09-04T09:49+0000,48506.1171875,-,-,-,
2017-09-04T09:54+0000,48036.82421875,-,-,-,
2017-09-04T09:59+0000,48268.56640625,-,-,-,
2017-09-04T10:04+0000,47867.91796875,-,-,-,
2017-09-04T10:09+0000,48183.26171875,-,-,-,
2017-09-04T10:14+0000,47903.0,-,-,-,
2017-09-04T10:19+0000,47899.65625,-,-,-,
2017-09-04T10:24+0000,48085.05078125,-,-,-,
2017-09-04T10:29+0000,47825.67578125,-,-,-,
2017-09-04T10:34+0000,47699.1875,-,-,-,
2017-09-04T10:39+0000,48087.6328125,-,-,-,
2017-09-04T10:44+0000,48021.5703125,-,-,-,
2017-09-04T10:49+0000,48760.38671875,-,-,-,
2017-09-04T10:54+0000,47807.25390625,-,-,-,
2017-09-04T10:59+0000,48385.90234375,-,-,-,
2017-09-04T11:04+0000,47613.6484375,-,-,-,
2017-09-04T11:09+0000,48687.51953125,-,-,-,
2017-09-04T11:14+0000,48471.44140625,-,-,-,
2017-09-04T11:19+0000,47852.60546875,-,-,-,
2017-09-04T11:24+0000,47921.3046875,-,-,-,
2017-09-04T11:29+0000,47837.29296875,-,-,-,
2017-09-04T11:34+0000,47842.984375,-,-,-,
2017-09-04T11:39+0000,47822.68359375,-,-,-,
2017-09-04T11:44+0000,47990.9453125,-,-,-,
2017-09-04T11:49+0000,48525.88671875,-,-,-,
2017-09-04T11:54+0000,47737.203125,-,-,-,
2017-09-04T11:59+0000,47937.265625,-,-,-,
2017-09-04T12:04+0000,48184.2578125,-,-,-,
2017-09-04T12:09+0000,48116.02734375,-,-,-,
2017-09-04T12:14+0000,47833.48046875,-,-,-,
2017-09-04T12:19+0000,47663.92578125,-,-,-,
2017-09-04T12:24+0000,47785.72265625,-,-,-,
2017-09-04T12:29+0000,48232.89453125,-,-,-,
2017-09-04T12:34+0000,47739.55078125,-,-,-,
2017-09-04T12:39+0000,48224.625,-,-,-,
2017-09-04T12:44+0000,47746.58984375,-,-,-,
2017-09-04T12:49+0000,48665.63671875,-,-,-,
2017-09-04T12:54+0000,47691.67578125,-,-,-,
2017-09-04T12:59+0000,48229.7265625,-,-,-,
2017-09-04T13:04+0000,47651.83984375,-,-,-,
2017-09-04T13:09+0000,48981.68359375,-,-,-,
2017-09-04T13:14+0000,47965.6015625,-,-,-,
2017-09-04T13:19+0000,48114.3828125,-,-,-,
2017-09-04T13:24+0000,48050.96484375,-,-,-,
2017-09-04T13:29+0000,47761.66796875,-,-,-,
2017-09-04T13:34+0000,48296.140625,-,-,-,
2017-09-04T13:39+0000,47960.37890625,-,-,-,
2017-09-04T13:44+0000,47717.90234375,-,-,-,
2017-09-04T13:49+0000,48770.30078125,-,-,-,
2017-09-04T13:54+0000,48062.34375,-,-,-,
2017-09-04T13:59+0000,48066.86328125,-,-,-,
2017-09-04T14:04+0000,48265.75,-,-,-,
2017-09-04T14:09+0000,47927.640625,-,-,-,
2017-09-04T14:14+0000,47915.49609375,-,-,-,
2017-09-04T14:19+0000,47720.6015625,-,-,-,
2017-09-04T14:24+0000,49667.640625,-,-,-,
2017-09-04T14:29+0000,50182.984375,-,-,-,
2017-09-04T14:34+0000,49612.140625,-,-,-,
2017-09-04T14:39+0000,48564.7265625,-,-,-,
2017-09-04T14:44+0000,48663.7578125,-,-,-,
2017-09-04T14:49+0000,49051.55859375,-,-,-,
2017-09-04T14:54+0000,49329.0625,-,-,-,
2017-09-04T14:59+0000,48563.875,-,-,-,
2017-09-04T15:04+0000,47899.421875,-,-,-,
2017-09-04T15:09+0000,49569.4296875,-,-,-,
2017-09-04T15:14+0000,49428.15234375,-,-,-,
2017-09-04T15:19+0000,48575.109375,-,-,-,
2017-09-04T15:24+0000,48139.37890625,-,-,-,
2017-09-04T15:29+0000,48374.69921875,-,-,-,
2017-09-04T15:34+0000,48860.30078125,-,-,-,
2017-09-04T15:39+0000,49230.8515625,-,-,-,
2017-09-04T15:44+0000,48459.58984375,-,-,-,
2017-09-04T15:49+0000,49704.953125,-,-,-,
2017-09-04T15:54+0000,48846.74609375,-,-,-,
2017-09-04T15:59+0000,48650.44140625,-,-,-,
2017-09-04T16:04+0000,49109.640625,-,-,-,
2017-09-04T16:09+0000,48900.01953125,-,-,-,
2017-09-04T16:14+0000,48342.4296875,-,-,-,
2017-09-04T16:19+0000,48346.59375,-,-,-,
2017-09-04T16:24+0000,48840.17578125,-,-,-,
2017-09-04T16:29+0000,48559.328125,-,-,-,
2017-09-04T16:34+0000,48870.859375,-,-,-,
2017-09-04T16:39+0000,48419.75390625,-,-,-,
2017-09-04T16:44+0000,48944.01953125,-,-,-,
2017-09-04T16:49+0000,49556.16796875,-,-,-,
2017-09-04T16:54+0000,49293.0390625,-,-,-,
2017-09-04T16:59+0000,48714.68359375,-,-,-,
2017-09-04T17:04+0000,48413.65234375,-,-,-,
2017-09-04T17:09+0000,49022.9296875,-,-,-,
2017-09-04T17:14+0000,48559.50390625,-,-,-,
2017-09-04T17:19+0000,48337.03125,-,-,-,
2017-09-04T17:24+0000,48393.296875,-,-,-,
2017-09-04T17:29+0000,48964.49609375,-,-,-,
2017-09-04T17:34+0000,48616.12109375,-,-,-,
2017-09-04T17:39+0000,49065.23046875,-,-,-,
2017-09-04T17:44+0000,48917.67578125,-,-,-,
2017-09-04T17:49+0000,49754.9375,-,-,-,
2017-09-04T17:54+0000,49298.84765625,-,-,-,
2017-09-04T17:59+0000,49342.26171875,-,-,-,
2017-09-04T18:04+0000,48944.6640625,-,-,-,
2017-09-04T18:09+0000,49403.86328125,-,-,-,
2017-09-04T18:14+0000,48775.46484375,-,-,-,
2017-09-04T18:19+0000,48523.421875,-,-,-,
2017-09-04T18:24+0000,48995.53125,-,-,-,
2017-09-04T18:29+0000,48868.39453125,-,-,-,
2017-09-04T18:34+0000,48622.75,-,-,-,
2017-09-04T18:39+0000,48773.52734375,-,-,-,
2017-09-04T18:44+0000,48752.5234375,-,-,-,
2017-09-04T18:49+0000,49983.6875,-,-,-,
2017-09-04T18:54+0000,48923.1328125,-,-,-,
2017-09-04T18:59+0000,49683.0703125,-,-,-,
2017-09-04T19:04+0000,48717.79296875,-,-,-,
2017-09-04T19:09+0000,49270.1015625,-,-,-,
2017-09-04T19:14+0000,50053.5625,-,-,-,
2017-09-04T19:19+0000,49854.265625,-,-,-,
2017-09-04T19:24+0000,48586.2578125,-,-,-,
2017-09-04T19:29+0000,48519.84375,-,-,-,
2017-09-04T19:34+0000,48681.828125,-,-,-,
2017-09-04T19:39+0000,49095.62109375,-,-,-,
2017-09-04T19:44+0000,48141.60546875,-,-,-,
2017-09-04T19:49+0000,49243.34765625,-,-,-,
2017-09-04T19:54+0000,49289.28515625,-,-,-,
2017-09-04T19:59+0000,49391.54296875,-,-,-,
2017-09-04T20:04+0000,48854.43359375,-,-,-,
2017-09-04T20:09+0000,49277.90234375,-,-,-,
2017-09-04T20:14+0000,49112.22265625,-,-,-,
2017-09-04T20:19+0000,49146.6015625,-,-,-,
2017-09-04T20:24+0000,48407.19921875,-,-,-,
2017-09-04T20:29+0000,47713.79296875,-,-,-,
2017-09-04T20:34+0000,48006.84375,-,-,-,
2017-09-04T20:39+0000,47876.0703125,-,-,-,
2017-09-04T20:44+0000,47808.66015625,-,-,-,
2017-09-04T20:49+0000,48509.98828125,-,-,-,
2017-09-04T20:54+0000,50439.66015625,-,-,-,
2017-09-04T20:59+0000,47723.9453125,-,-,-,
2017-09-04T21:04+0000,48013.12109375,-,-,-,
2017-09-04T21:09+0000,48719.61328125,-,-,-,
2017-09-04T21:14+0000,50531.30078125,-,-,-,
2017-09-04T21:19+0000,52411.75390625,-,-,-,
2017-09-04T21:24+0000,49577.171875,-,-,-,
2017-09-04T21:29+0000,52777.0234375,-,-,-,
2017-09-04T21:34+0000,50716.05078125,-,-,-,
2017-09-04T21:39+0000,50945.09375,-,-,-,
2017-09-04T21:44+0000,49965.20703125,-,-,-,
2017-09-04T21:49+0000,49502.25390625,-,-,-,
2017-09-04T21:54+0000,48517.84765625,-,-,-,
2017-09-04T21:59+0000,48808.140625,-,-,-,
2017-09-04T22:04+0000,48627.8515625,-,-,-,
2017-09-04T22:09+0000,48572.8203125,-,-,-,
2017-09-04T22:14+0000,48427.03125,-,-,-,
2017-09-04T22:19+0000,48324.359375,-,-,-,
2017-09-04T22:24+0000,48398.515625,-,-,-,
2017-09-04T22:29+0000,48364.546875,-,-,-,
2017-09-04T22:34+0000,48386.01953125,-,-,-,
2017-09-04T22:39+0000,48442.87109375,-,-,-,
2017-09-04T22:44+0000,48536.625,-,-,-,
2017-09-04T22:49+0000,49465.3515625,-,-,-,
2017-09-04T22:54+0000,48369.2421875,-,-,-,
2017-09-04T22:59+0000,48946.8359375,-,-,-,
2017-09-04T23:04+0000,48760.50390625,-,-,-,
2017-09-04T23:09+0000,49001.80859375,-,-,-,
2017-09-04T23:14+0000,49507.94140625,-,-,-,
2017-09-04T23:19+0000,49090.8671875,-,-,-,
2017-09-04T23:24+0000,48483.99609375,-,-,-,
2017-09-04T23:29+0000,48365.015625,-,-,-,
2017-09-04T23:34+0000,48585.84765625,-,-,-,
2017-09-04T23:39+0000,48608.66796875,-,-,-,
2017-09-04T23:44+0000,48722.07421875,-,-,-,
2017-09-04T23:49+0000,49355.109375,-,-,-,
2017-09-04T23:54+0000,48469.56640625,-,-,-,
2017-09-04T23:59+0000,48845.57421875,-,-,-,
2017-09-05T00:04+0000,48233.421875,-,-,-,
2017-09-05T00:09+0000,48758.09765625,-,-,-,
2017-09-05T00:14+0000,48936.6875,-,-,-,
2017-09-05T00:19+0000,48326.1796875,-,-,-,
2017-09-05T00:24+0000,48480.125,-,-,-,
2017-09-05T00:29+0000,48396.171875,-,-,-,
2017-09-05T00:34+0000,48957.6875,-,-,-,
2017-09-05T00:39+0000,50947.02734375,-,-,-,
2017-09-05T00:44+0000,50979.58984375,-,-,-,
2017-09-05T00:49+0000,51951.3203125,-,-,-,
2017-09-05T00:54+0000,49844.8203125,-,-,-,
2017-09-05T00:59+0000,49196.58984375,-,-,-,
2017-09-05T01:04+0000,48585.5546875,-,-,-,
2017-09-05T01:09+0000,48796.99609375,-,-,-,
2017-09-05T01:14+0000,48481.828125,-,-,-,
2017-09-05T01:19+0000,48440.40625,-,-,-,
2017-09-05T01:24+0000,48423.16015625,-,-,-,
2017-09-05T01:29+0000,48440.2890625,-,-,-,
2017-09-05T01:34+0000,48761.32421875,-,-,-,
2017-09-05T01:39+0000,48591.06640625,-,-,-,
2017-09-05T01:44+0000,48348.4140625,-,-,-,
2017-09-05T01:49+0000,49468.9296875,-,-,-,
2017-09-05T01:54+0000,48495.96484375,-,-,-,
2017-09-05T01:59+0000,48876.609375,-,-,-,
2017-09-05T02:04+0000,48701.01171875,-,-,-,
2017-09-05T02:09+0000,48308.6953125,-,-,-,
2017-09-05T02:14+0000,48387.6640625,-,-,-,
2017-09-05T02:19+0000,48442.34375,-,-,-,
2017-09-05T02:24+0000,48185.90234375,-,-,-,
2017-09-05T02:29+0000,48329.40625,-,-,-,
2017-09-05T02:34+0000,48455.19140625,-,-,-,
2017-09-05T02:39+0000,48365.25390625,-,-,-,
2017-09-05T02:44+0000,48605.734375,-,-,-,
2017-09-05T02:49+0000,49244.63671875,-,-,-,
2017-09-05T02:54+0000,48483.76171875,-,-,-,
2017-09-05T02:59+0000,49111.98828125,-,-,-,
2017-09-05T03:04+0000,48311.98046875,-,-,-,
2017-09-05T03:09+0000,48993.828125,-,-,-,
2017-09-05T03:14+0000,48966.48828125,-,-,-,
2017-09-05T03:19+0000,48548.53515625,-,-,-,
2017-09-05T03:24+0000,48300.1875,-,-,-,
2017-09-05T03:29+0000,48248.91015625,-,-,-,
2017-09-05T03:34+0000,48377.92578125,-,-,-,
2017-09-05T03:39+0000,48367.83203125,-,-,-,
2017-09-05T03:44+0000,48365.1953125,-,-,-,
2017-09-05T03:49+0000,49121.0234375,-,-,-,
2017-09-05T03:54+0000,48383.91015625,-,-,-,
2017-09-05T03:59+0000,48858.01171875,-,-,-,
2017-09-05T04:04+0000,48292.15234375,-,-,-,
2017-09-05T04:09+0000,48961.38671875,-,-,-,
2017-09-05T04:14+0000,48611.484375,-,-,-,
2017-09-05T04:19+0000,48295.3203125,-,-,-,
2017-09-05T04:24+0000,48504.58984375,-,-,-,
2017-09-05T04:29+0000,48423.3359375,-,-,-,
2017-09-05T04:34+0000,48840.3515625,-,-,-,
2017-09-05T04:39+0000,48447.50390625,-,-,-,
2017-09-05T04:44+0000,48617.46875,-,-,-,
2017-09-05T04:49+0000,49564.734375,-,-,-,
2017-09-05T04:54+0000,48964.0859375,-,-,-,
2017-09-05T04:59+0000,48561.20703125,-,-,-,
2017-09-05T05:04+0000,48437.00390625,-,-,-,
2017-09-05T05:09+0000,48088.921875,-,-,-,
2017-09-05T05:14+0000,48033.01171875,-,-,-,
2017-09-05T05:19+0000,48005.49609375,-,-,-,
2017-09-05T05:24+0000,48153.45703125,-,-,-,
2017-09-05T05:29+0000,48370.53125,-,-,-,
2017-09-05T05:34+0000,48413.828125,-,-,-,
2017-09-05T05:39+0000,48722.015625,-,-,-,
2017-09-05T05:44+0000,48258.0625,-,-,-,
2017-09-05T05:49+0000,49659.25,-,-,-,
2017-09-05T05:54+0000,48830.671875,-,-,-,
2017-09-05T05:59+0000,48735.5703125,-,-,-,
2017-09-05T06:04+0000,48314.26953125,-,-,-,
2017-09-05T06:09+0000,48331.28125,-,-,-,
2017-09-05T06:14+0000,48705.0625,-,-,-,
2017-09-05T06:19+0000,48356.86328125,-,-,-,
2017-09-05T06:24+0000,48373.81640625,-,-,-,
2017-09-05T06:29+0000,48339.84765625,-,-,-,
2017-09-05T06:34+0000,48393.23828125,-,-,-,
2017-09-05T06:39+0000,48432.6640625,-,-,-,
2017-09-05T06:44+0000,48528.05859375,-,-,-,
2017-09-05T06:49+0000,49592.42578125,-,-,-,
2017-09-05T06:54+0000,48275.6640625,-,-,-,
2017-09-05T06:59+0000,48670.7421875,-,-,-,
2017-09-05T07:04+0000,48976.9921875,-,-,-,
2017-09-05T07:09+0000,49146.8359375,-,-,-,
2017-09-05T07:14+0000,49896.9765625,-,-,-,
2017-09-05T07:19+0000,48912.33984375,-,-,-,
2017-09-05T07:24+0000,48481.12109375,-,-,-,
2017-09-05T07:29+0000,48366.25,-,-,-,
2017-09-05T07:34+0000,50552.36328125,-,-,-,
2017-09-05T07:39+0000,50980.52734375,-,-,-,
2017-09-05T07:44+0000,49853.03125,-,-,-,
2017-09-05T07:49+0000,49915.69140625,-,-,-,
2017-09-05T07:54+0000,48845.69140625,-,-,-,
2017-09-05T07:59+0000,48935.453125,-,-,-,
2017-09-05T08:04+0000,48524.7734375,-,-,-,
2017-09-05T08:09+0000,49542.5,-,-,-,
2017-09-05T08:14+0000,49416.65625,-,-,-,
2017-09-05T08:19+0000,48506.234375,-,-,-,
2017-09-05T08:24+0000,48443.92578125,-,-,-,
2017-09-05T08:29+0000,48360.20703125,-,-,-,
2017-09-05T08:34+0000,48408.66796875,-,-,-,
2017-09-05T08:39+0000,48621.75,-,-,-,
2017-09-05T08:44+0000,49019.5859375,-,-,-,
2017-09-05T08:49+0000,49433.2578125,-,-,-,
2017-09-05T08:54+0000,48264.8125,-,-,-,
2017-09-05T08:59+0000,49229.67578125,-,-,-,
2017-09-05T09:04+0000,48346.53515625,-,-,-,
2017-09-05T09:09+0000,48848.5078125,-,-,-,
2017-09-05T09:14+0000,49010.609375,-,-,-,
2017-09-05T09:19+0000,48294.4375,-,-,-,
2017-09-05T09:24+0000,48368.36328125,-,-,-,
2017-09-05T09:29+0000,48491.5078125,-,-,-,
2017-09-05T09:34+0000,48711.6328125,-,-,-,
2017-09-05T09:39+0000,48526.70703125,-,-,-,
2017-09-05T09:44+0000,48466.984375,-,-,-,
2017-09-05T09:49+0000,49737.1015625,-,-,-,
2017-09-05T09:54+0000,48363.19921875,-,-,-,
2017-09-05T09:59+0000,48925.421875,-,-,-,
2017-09-05T10:04+0000,48330.109375,-,-,-,
2017-09-05T10:09+0000,48397.34375,-,-,-,
2017-09-05T10:14+0000,48383.91015625,-,-,-,
2017-09-05T10:19+0000,48244.921875,-,-,-,
2017-09-05T10:24+0000,48456.65625,-,-,-,
2017-09-05T10:29+0000,48388.484375,-,-,-,
2017-09-05T10:34+0000,48429.5546875,-,-,-,
2017-09-05T10:39+0000,48353.75390625,-,-,-,
2017-09-05T10:44+0000,48798.05078125,-,-,-,
2017-09-05T10:49+0000,49450.625,-,-,-,
2017-09-05T10:54+0000,48499.72265625,-,-,-,
2017-09-05T10:59+0000,48965.4921875,-,-,-,
2017-09-05T11:04+0000,48351.23046875,-,-,-,
2017-09-05T11:09+0000,48992.5390625,-,-,-,
2017-09-05T11:14+0000,50134.0546875,-,-,-,
2017-09-05T11:19+0000,48507.640625,-,-,-,
2017-09-05T11:24+0000,48415.70703125,-,-,-,
2017-09-05T11:29+0000,48378.453125,-,-,-,
2017-09-05T11:34+0000,48421.984375,-,-,-,
2017-09-05T11:39+0000,48434.890625,-,-,-,
2017-09-05T11:44+0000,48559.38671875,-,-,-,
2017-09-05T11:49+0000,49281.5390625,-,-,-,
2017-09-05T11:54+0000,48314.9140625,-,-,-,
2017-09-05T11:59+0000,48646.98046875,-,-,-,
2017-09-05T12:04+0000,48478.953125,-,-,-,
2017-09-05T12:09+0000,48792.359375,-,-,-,
2017-09-05T12:14+0000,48390.65625,-,-,-,
2017-09-05T12:19+0000,48363.0234375,-,-,-,
2017-09-05T12:24+0000,48324.2421875,-,-,-,
2017-09-05T12:29+0000,48306.93359375,-,-,-,
2017-09-05T12:34+0000,48288.8671875,-,-,-,
2017-09-05T12:39+0000,48328.46875,-,-,-,
2017-09-05T12:44+0000,48723.1328125,-,-,-,
2017-09-05T12:49+0000,49382.33203125,-,-,-,
2017-09-05T12:54+0000,48310.8671875,-,-,-,
2017-09-05T12:59+0000,48763.7890625,-,-,-,
2017-09-05T13:04+0000,48181.67578125,-,-,-,
2017-09-05T13:09+0000,48778.515625,-,-,-,
2017-09-05T13:14+0000,48606.96875,-,-,-,
2017-09-05T13:19+0000,48429.61328125,-,-,-,
2017-09-05T13:24+0000,48257.53515625,-,-,-,
2017-09-05T13:29+0000,48356.16015625,-,-,-,
2017-09-05T13:34+0000,48574.5234375,-,-,-,
2017-09-05T13:39+0000,48491.15625,-,-,-,
2017-09-05T13:44+0000,48385.84375,-,-,-,
2017-09-05T13:49+0000,49395.4765625,-,-,-,
2017-09-05T13:54+0000,48718.96484375,-,-,-,
2017-09-05T13:59+0000,48488.69140625,-,-,-,
2017-09-05T14:04+0000,48642.28515625,-,-,-,
2017-09-05T14:09+0000,48727.70703125,-,-,-,
2017-09-05T14:14+0000,48826.2109375,-,-,-,
2017-09-05T14:19+0000,48323.0703125,-,-,-,
2017-09-05T14:24+0000,48569.4765625,-,-,-,
2017-09-05T14:29+0000,48372.41015625,-,-,-,
2017-09-05T14:34+0000,48663.34765625,-,-,-,
2017-09-05T14:39+0000,48541.375,-,-,-,
2017-09-05T14:44+0000,48992.7734375,-,-,-,
2017-09-05T14:49+0000,49264.52734375,-,-,-,
2017-09-05T14:54+0000,48626.09375,-,-,-,
2017-09-05T14:59+0000,48732.63671875,-,-,-,
2017-09-05T15:04+0000,48704.88671875,-,-,-,
2017-09-05T15:09+0000,48834.71875,-,-,-,
2017-09-05T15:14+0000,49883.24609375,-,-,-,
2017-09-05T15:19+0000,48348.94140625,-,-,-,
2017-09-05T15:24+0000,48343.07421875,-,-,-,
2017-09-05T15:29+0000,48394.52734375,-,-,-,
2017-09-05T15:34+0000,48343.54296875,-,-,-,
2017-09-05T15:39+0000,48511.92578125,-,-,-,
2017-09-05T15:44+0000,48266.62890625,-,-,-,
2017-09-05T15:49+0000,49209.0859375,-,-,-,
2017-09-05T15:54+0000,49302.6015625,-,-,-,
2017-09-05T15:59+0000,48577.984375,-,-,-,
2017-09-05T16:04+0000,48774.171875,-,-,-,
2017-09-05T16:09+0000,48623.1015625,-,-,-,
2017-09-05T16:14+0000,49072.73828125,-,-,-,
2017-09-05T16:19+0000,48253.13671875,-,-,-,
2017-09-05T16:24+0000,48362.4375,-,-,-,
2017-09-05T16:29+0000,48333.86328125,-,-,-,
2017-09-05T16:34+0000,48232.1328125,-,-,-,
2017-09-05T16:39+0000,48301.59765625,-,-,-,
2017-09-05T16:44+0000,49213.71875,-,-,-,
2017-09-05T16:49+0000,49238.4765625,-,-,-,
2017-09-05T16:54+0000,48471.5,-,-,-,
2017-09-05T16:59+0000,48473.4375,-,-,-,
2017-09-05T17:04+0000,48479.7734375,-,-,-,
2017-09-05T17:09+0000,48486.40234375,-,-,-,
2017-09-05T17:14+0000,48963.671875,-,-,-,
2017-09-05T17:19+0000,48318.609375,-,-,-,
2017-09-05T17:24+0000,48659.0078125,-,-,-,
2017-09-05T17:29+0000,48556.3359375,-,-,-,
2017-09-05T17:34+0000,48604.38671875,-,-,-,
2017-09-05T17:39+0000,48711.57421875,-,-,-,
2017-09-05T17:44+0000,48498.4296875,-,-,-,
2017-09-05T17:49+0000,49273.03515625,-,-,-,
2017-09-05T17:54+0000,48440.69921875,-,-,-,
2017-09-05T17:59+0000,48653.78515625,-,-,-,
2017-09-05T18:04+0000,48859.18359375,-,-,-,
2017-09-05T18:09+0000,48309.1640625,-,-,-,
2017-09-05T18:14+0000,48694.67578125,-,-,-,
2017-09-05T18:19+0000,48429.84765625,-,-,-,
2017-09-05T18:24+0000,48380.7421875,-,-,-,
2017-09-05T18:29+0000,48770.53515625,-,-,-,
2017-09-05T18:34+0000,48510.57421875,-,-,-,
2017-09-05T18:39+0000,48460.53125,-,-,-,
2017-09-05T18:44+0000,48881.06640625,-,-,-,
2017-09-05T18:49+0000,49467.109375,-,-,-,
2017-09-05T19:22+0000,48460.12109375,-,-,-,
2017-09-05T19:27+0000,48407.4921875,-,-,-,
2017-09-05T19:32+0000,48707.0546875,-,-,-,
2017-09-05T19:37+0000,48421.22265625,-,-,-,
2017-09-05T19:42+0000,48427.44140625,-,-,-,
2017-09-05T19:47+0000,48341.55078125,-,-,-,
2017-09-05T19:52+0000,49129.8828125,-,-,-,
2017-09-05T19:57+0000,48655.6640625,-,-,-,
2017-09-05T20:02+0000,48815.828125,-,-,-,
2017-09-05T20:07+0000,51436.796875,-,-,-,
2017-09-05T20:12+0000,51000.76953125,-,-,-,
2017-09-05T20:17+0000,48710.63671875,-,-,-,
2017-09-05T20:22+0000,48244.921875,-,-,-,
2017-09-05T20:27+0000,48482.0625,-,-,-,
2017-09-05T20:32+0000,48325.296875,-,-,-,
2017-09-05T20:37+0000,48297.3125,-,-,-,
